family,panel,mse_mean,mae_mean,prior_mse_mean,skill_vs_prior_mean,dynamic_skill_mean,dynamic_pearson_mean,dynamic_spearman_mean,within_cancer_skill_mean,within_cancer_pearson_mean,within_cancer_spearman_mean,dynamic_calibration_alpha_mean,dynamic_amplitude_ratio_mean,sample_win_fraction_mean,cpg_win_fraction_mean,macro_cancer_mse_mean,macro_cancer_skill_vs_prior_mean,num_parameters_mean,elapsed_seconds_mean,mse_std,mae_std,prior_mse_std,skill_vs_prior_std,dynamic_skill_std,dynamic_pearson_std,dynamic_spearman_std,within_cancer_skill_std,within_cancer_pearson_std,within_cancer_spearman_std,dynamic_calibration_alpha_std,dynamic_amplitude_ratio_std,sample_win_fraction_std,cpg_win_fraction_std,macro_cancer_mse_std,macro_cancer_skill_vs_prior_std,num_parameters_std,elapsed_seconds_std,n_seeds
baseline_linear,double_ood,0.024549666632499727,0.09294532827579984,0.0273785206113862,0.10332384349905344,0.18908128309117742,0.4363798220691218,0.36820129671994345,0.13696866085233292,0.3702395026083598,0.2787118137636439,0.9282635534962415,0.470422092132827,0.7954911433172303,0.6583493282149712,0.02529982899761613,0.1087293270211402,1748229.0,127.31260704994202,7.517501280681726e-05,0.0005019472441446262,0.0,0.0027457660650793136,0.009659957381278766,0.009679543121863015,0.01194891642555357,0.006112938987618056,0.008471146735977991,0.009930447892634628,0.03959000421659813,0.012419098862683846,0.013734880925307533,0.00507821748764795,0.00011578985414310238,0.0032023863734365774,0.0,9.507955310287384,3
baseline_linear,in_distribution,0.02436125106342928,0.09776318654865312,0.030564779985101136,0.2029420471528176,0.25782193000741854,0.5078343342057411,0.44663867078907643,0.1643237112990982,0.40539148900061045,0.33213966531912975,0.9864941456223911,0.5148421961205499,0.9821558963125229,0.734375,0.02554977616805935,0.19749622413903845,1748229.0,127.31260704994202,0.0005749915932842184,0.0019284910784653495,0.0003918119254062368,0.017391053179032095,0.015375610053232288,0.015026815627497192,0.017613697190545303,0.012284062093831713,0.015469555912276917,0.0156013148234082,0.03166475153554782,0.006904021847077689,0.010930917603449882,0.015347884419435265,0.0006808371476707815,0.01660874985088467,0.0,9.507955310287384,3
baseline_linear,locus_ood,0.024496732911075552,0.09289718060404704,0.027386690314053903,0.10552415680164644,0.19346257122602828,0.4411056704606961,0.36888440845997544,0.13595901365197202,0.36889811837517783,0.2887511679095684,0.9355992109227618,0.47175291189904817,0.775009127418766,0.6647472808701216,0.02530090531444149,0.10925536156061366,1748229.0,127.31260704994202,0.00011064177735516308,0.0006106425742592869,0.0,0.004039983513392454,0.013163234719071574,0.013466245090531478,0.014372699597588521,0.008341118752831741,0.011594745835571003,0.011392829048031072,0.04313765389282954,0.011464945069211476,0.015218927329682738,0.0011081579063140117,0.00018794609230636292,0.005696752448743862,0.0,9.507955310287384,3
baseline_linear,sample_ood,0.024210667545194086,0.09729294884881678,0.030129142482141075,0.19643813582659375,0.2532173232940881,0.5035363481066273,0.442955607112235,0.1619819344846737,0.40261104216456456,0.31770911213977066,0.9980878849734015,0.5049662712769497,0.9838969404186795,0.7376302083333334,0.025336140085614578,0.19100932016775854,1748229.0,127.31260704994202,0.0005807934368298349,0.0013537028056411476,0.0006721825916226645,0.0071209563730882846,0.0110445865572195,0.010706766225014664,0.018196322764243086,0.0059920326532428205,0.007685371796869377,0.012823000983602995,0.04808083006647925,0.01490191868657723,0.009761961073254522,0.01806860558122126,0.0005228024958782795,0.003383824024220354,0.0,9.507955310287384,3
bottleneck016,double_ood,0.024988254615869773,0.09358550707204037,0.0273785206113862,0.08730442486079266,0.1786568879425389,0.4233132363942749,0.3582920657561914,0.13085522792508794,0.3621123454607346,0.2739668755676132,0.952768375120351,0.4446176594230609,0.7600644122383252,0.6353166986564299,0.02576799737477201,0.09344081761098118,695925.0,197.8687801361084,0.00015092441229641127,0.0005689774143432177,0.0,0.0055125115939844765,0.004022850512406369,0.005449970618138898,0.00670841843943142,0.0024957270900530346,0.0031634234194637275,0.0019428084855512727,0.025569675840234847,0.017872665240768776,0.0358541772596012,0.01449104498132584,0.0001925279640701767,0.0072523275722775294,0.0,2.516915846330533,3
bottleneck016,in_distribution,0.024310567464347496,0.09724312702195287,0.030564779985101136,0.20464503608515716,0.24805106394992796,0.4984471737996821,0.4392724180069127,0.15749071352273333,0.39720714231748183,0.3274013162056946,1.0209572313362554,0.4887511649946423,0.987495436290617,0.7259114583333334,0.02558136927175812,0.19814287738745137,695925.0,197.8687801361084,0.0004493351329393085,0.001705214178543379,0.0003918119254062368,0.007387584126027323,0.006475756737627768,0.006902006390467531,0.004506955534047988,0.003943658199649832,0.005148798379228377,0.001024633048715123,0.04613501168213331,0.018573718249483482,0.007119825442145925,0.007458619295175518,0.0004281081750742229,0.007724831383426439,0.0,2.516915846330533,3
bottleneck016,locus_ood,0.024933547025787536,0.09350073296331018,0.027386690314053903,0.0895742880988983,0.18313167707398292,0.42837378064604287,0.3608134680007032,0.1294141304060047,0.36003314922063573,0.2851994492385171,0.957859771648761,0.4473889985016537,0.7264512595837896,0.6391554702495201,0.02577201330224627,0.09351656709972385,695925.0,197.8687801361084,0.00016489763746263867,0.0005902654609528505,0.0,0.0060210867239411355,0.005886992869364484,0.0072204451561408145,0.006575011414582856,0.0038947862994864494,0.0051975375071787394,0.0035399564541590037,0.016799264750518694,0.014988325837705745,0.03268109857809298,0.01850988629749134,0.00017290148889337402,0.006537149597112843,0.0,2.516915846330533,3
bottleneck016,sample_ood,0.02439151419988199,0.09718590651160224,0.030129142482141075,0.19060639518325329,0.24144758714386294,0.4916656572905997,0.4327338276669536,0.1554595444881438,0.39454079296086525,0.31257104083947135,1.0287324159598503,0.4781383482196732,0.9838969404186795,0.7255859375,0.02554207983857064,0.18665650321870905,695925.0,197.8687801361084,0.001011834322854802,0.0026934315962684296,0.0006721825916226645,0.02001577057904765,0.005742148185399024,0.0059631337835626685,0.0014719347054935514,0.004551492710912583,0.0056662075513122506,0.0019309328749245423,0.02986661333794949,0.01157267521334941,0.011415013589982176,0.01906173954681947,0.0010175654302955906,0.01901491055145,0.0,2.516915846330533,3
bottleneck032,double_ood,0.02475172178853302,0.09294403514255205,0.0273785206113862,0.09594378235910765,0.18928654687484114,0.4366602561743189,0.3708715042516249,0.13778437838155888,0.3714295409277284,0.281745226716896,0.9282726177105127,0.47092123809360525,0.7818035426731079,0.6481126039667306,0.025435872519831537,0.1034580612910155,1046693.0,122.13118235270183,8.895246315472182e-05,0.0003870425760957656,0.0,0.0032489872048721007,0.0012426251110447992,0.00304778119345117,0.0028814335563873655,0.0020154460723986983,0.0028663160169771643,0.00737488330809232,0.03429607600503193,0.021127473121263268,0.009761961073254586,0.002931910233496991,8.522337038238848e-05,0.0034228095748820644,0.0,67.69074829385369,3
bottleneck032,in_distribution,0.0240957190268159,0.09660626024695103,0.030564779985101136,0.21165306659970215,0.26069948803841286,0.5110863961840693,0.4506430633442852,0.16715767227784314,0.40910086106763055,0.3359747254517218,0.9875579503225723,0.5182660595582506,0.9881799926980649,0.728515625,0.025285217287725578,0.20643887706652567,1046693.0,122.13118235270183,0.0003689688381046625,0.0010432416488871683,0.0003918119254062368,0.006118752991661508,0.006094113250615669,0.005735707698029458,0.0024211226162482143,0.00424703695358554,0.005488701820151821,0.001740544814629728,0.051295424753865046,0.021529966849681958,0.007062994568146413,0.005859375,0.0003682013881107193,0.006785691527385582,0.0,67.69074829385369,3
bottleneck032,locus_ood,0.024696190837617243,0.09286539217461237,0.027386690314053903,0.09824113266640304,0.194112631269967,0.4419136913117137,0.3728395154150543,0.13769213722180704,0.37124737138207947,0.2933107641297967,0.9331194088888838,0.47399866961895043,0.7406900328587076,0.6519513755598209,0.025449911584203344,0.10401988400600498,1046693.0,122.13118235270183,0.00010108352085179898,0.0004018905275512762,0.0,0.003690972501336789,0.0030729921041583977,0.004622240766010022,0.0034897831186003424,0.003425085281934464,0.00477050658401172,0.005559708411509263,0.029262696645793163,0.01979731918284682,0.017933287504748086,0.0011081579063140917,5.49911526656628e-05,0.0024273895673928483,0.0,67.69074829385369,3
bottleneck032,sample_ood,0.024172891184495865,0.09655812121387186,0.030129142482141075,0.19788973653081945,0.25361963397481263,0.5036990089184933,0.4436275077961345,0.1631522065195974,0.403951095471997,0.32004644577425223,0.9888059333477338,0.5094850242507835,0.9838969404186795,0.7314453125,0.025236806625843697,0.19422926715431066,1046693.0,122.13118235270183,0.0010222638360346992,0.002728465449011134,0.0006721825916226645,0.0191240809842478,0.006269912816098943,0.0060504798027289875,0.002819927062201637,0.0053435609412065795,0.006538602767865218,0.0017543371048754223,0.02181780932811667,0.0061844591465823355,0.01141501358998217,0.0068359375,0.001038044307132782,0.018623877861119405,0.0,67.69074829385369,3
bottleneck128,double_ood,0.024859948295160052,0.09305871810074103,0.0273785206113862,0.09199081104399502,0.1858950370080216,0.435126329932374,0.3701950733045696,0.13736525862687723,0.37098583436318605,0.280147975670979,0.8810643844037589,0.4939701166932444,0.7512077294685989,0.6442738323736404,0.025581085221069905,0.09868393106562501,3151301.0,82.25720230738322,0.00010354235390083231,0.00024500388533792633,0.0,0.003781882716401022,0.007212578896162167,0.00905438808345556,0.009953762347136711,0.005410701627128686,0.007672907838494733,0.009341461674330703,0.010569659562033722,0.01509125852304683,0.026127183155536155,0.01551421068839689,4.5980754901196164e-05,0.001088008184521211,0.0,3.508525525982699,3
bottleneck128,in_distribution,0.02429098944097971,0.09701358757627492,0.030564779985101136,0.2052404572074663,0.2602919965130916,0.5108138250082,0.4508081651852022,0.16701874989776055,0.40867216360282005,0.3358654099317416,0.9516621791808643,0.5370530891509513,0.9835250091274187,0.7278645833333334,0.025482997330395104,0.19959630796402236,3151301.0,82.25720230738322,0.0005834844105292195,0.0019752616965086423,0.0003918119254062368,0.017729529657310266,0.01492287349443022,0.015131342362199833,0.018163613824368898,0.012578918805455953,0.015660967055629926,0.015473337137629233,0.02073929831282234,0.024384352213731017,0.00814631712431421,0.00907380199529061,0.0007010740851455333,0.016921029407332394,0.0,3.508525525982699,3
bottleneck128,locus_ood,0.02478639903541618,0.09296763187774876,0.027386690314053903,0.09494726266004283,0.19201882813573537,0.44149405433685657,0.37280845935631973,0.13780962608970695,0.37125780294060345,0.2921294574658632,0.8909909760243604,0.4956195775517953,0.7313344286235853,0.6487523992322456,0.025556266202698852,0.10002136469691743,3151301.0,82.25720230738322,7.340288720302887e-05,0.0003764426290548793,0.0,0.0026802394287622367,0.010594704550189779,0.012129079594963076,0.012406321541602459,0.008416074154772796,0.011504187223519553,0.010851600507124502,0.017873396738812598,0.01594148891517999,0.04175801566916728,0.01639923943439062,8.23586694690889e-05,0.0012191119357433582,0.0,3.508525525982699,3
bottleneck128,sample_ood,0.02426435498271674,0.09671588788563007,0.030129142482141075,0.1946504842842606,0.2549566227201562,0.5054588406002027,0.4453198694581883,0.1638268130349574,0.4048742782352393,0.31950232702206116,0.9575236395493548,0.5281329593181198,0.9798711755233495,0.7249348958333334,0.025355729951859363,0.19025141939698967,3151301.0,82.25720230738322,0.0005849847633864132,0.0011585387343087646,0.0006721825916226645,0.008310367118772853,0.013369874320239658,0.013153710052531728,0.019267728524525473,0.006583647225805533,0.008385762263527774,0.014001408401765886,0.026160652923685825,0.01954548718524148,0.005578263470431191,0.016115747128237726,0.0005422514267442841,0.004465660831562559,0.0,3.508525525982699,3
bottleneck256,double_ood,0.024848171348671816,0.09313755612629802,0.0273785206113862,0.09242096381431453,0.19066220838217407,0.43960252638311853,0.37232689242266453,0.14032622963593633,0.37485666857718275,0.2843760742664614,0.9108435501557487,0.48380076796952065,0.7423510466988729,0.6500319897632757,0.025541440307555438,0.09863136930154619,5957445.0,80.73293709754944,0.0002875556485531392,0.0004538013707094817,0.0,0.010502965176049376,0.010916947203140084,0.010510410285269492,0.011214471271530224,0.008091642483616674,0.011023728837518426,0.017056444478872255,0.06461918576023838,0.02599061220084509,0.04880980536627268,0.017834113710513588,0.00015641087983155313,0.008409431963599586,0.0,5.268218526221283,3
bottleneck256,in_distribution,0.023923762379529662,0.0964557881474629,0.030564779985101136,0.2171792393869438,0.2681042990426507,0.5185542204542378,0.45658957695538693,0.17267289643964212,0.4159117262036112,0.34144182255473154,0.9975990608119599,0.5209510884364187,0.9864914202263599,0.7386067708333334,0.025142832114065514,0.21057091805281855,5957445.0,80.73293709754944,0.0007544356906547271,0.002318173430387424,0.0003918119254062368,0.02710257185461785,0.020231111426442943,0.020025667182433347,0.02178534778528673,0.01670090329698057,0.021087222911392634,0.022474851786990012,0.07833600562982904,0.023815484482481563,0.01528529281885268,0.014949169926048236,0.0008594341110451594,0.025790357125216646,0.0,5.268218526221283,3
bottleneck256,locus_ood,0.024764733827540023,0.09302523113900694,0.027386690314053903,0.09573834795102583,0.19729181633427365,0.44645433436741055,0.37624724252202335,0.14236707437898807,0.37758230951725763,0.2977440953567207,0.9206740930045787,0.48582645999822677,0.7201533406352683,0.6609085092770314,0.02554628159867431,0.0995192900559203,5957445.0,80.73293709754944,0.00028162325663107034,0.0005894597670664635,0.0,0.010283216168203836,0.014075398770236756,0.014268364908999695,0.014943205586008248,0.012418387712572396,0.017109019700194013,0.019328482820721974,0.06083315929097175,0.023463162806615156,0.05232304251684834,0.01440605278208276,0.0002073357682785021,0.008583777401037522,0.0,5.268218526221283,3
bottleneck256,sample_ood,0.024019492103711477,0.09644387333174005,0.030129142482141075,0.20269662935270547,0.2609574283821959,0.5121421679028061,0.4495580698127626,0.16808245711048622,0.4103726295844825,0.32392869828461174,1.004976645761883,0.5115615531720367,0.9855072463768115,0.7314453125,0.025123079845501165,0.1973447900375136,5957445.0,80.73293709754944,0.0004612799122880227,0.0008180478634986912,0.0006721825916226645,0.011175991492284362,0.016949879188823295,0.017384425194013477,0.021876057829678774,0.010451106247746906,0.013265301992024149,0.01994909270343828,0.0964591424177219,0.030575834433822464,0.0110690234177677,0.0205078125,0.0004046272310539953,0.007430474553288189,0.0,5.268218526221283,3
pca032_linear,double_ood,0.026401382895806357,0.09639133735707463,0.0273785206113862,0.035689938453923355,0.1096568877318335,0.332605874847165,0.2825557570767834,0.03781314721301465,0.19549079222284502,0.1558843689008299,0.9249698459711836,0.3601822211653971,0.6256038647342995,0.5873320537428023,0.027742712374010364,0.03059410887025558,306853.0,37.78751556078593,0.00012543055437707324,0.0006578022860287807,0.0,0.004581348866779485,0.004531525047034645,0.005905245203515515,0.0011169612202941565,0.0033124684067070316,0.006852136695339114,0.00691973690372733,0.04859520649359009,0.017929902143607426,0.02722083978160541,0.0019193857965450756,9.597467780115334e-05,0.004318936101184783,0.0,0.40065162164220713,3
pca032_linear,in_distribution,0.026298438800411456,0.10128443317854807,0.030564779985101136,0.13962341240669165,0.1590105726221069,0.3990588825790495,0.3484816288496457,0.04203259078771345,0.20753747360703992,0.17148520311742063,1.012595208919336,0.39472971024030973,0.9271175611537057,0.66015625,0.02809520606468405,0.1235440424370056,306853.0,37.78751556078593,0.0004886894028465155,0.001787053264104364,0.0003918119254062368,0.005489464032966341,0.0046109341717128025,0.005476726642749552,0.002408042924538577,0.001499858800679817,0.001734233510678169,0.004193295786564375,0.04894916986180149,0.020269025001360966,0.009106744566809854,0.024916700824556784,0.0005272289096706732,0.0066752012830835076,0.0,0.40065162164220713,3
pca032_linear,locus_ood,0.026417536842607895,0.09637369258528962,0.027386690314053903,0.03538775442860561,0.11205693274533246,0.3361618695424196,0.2819069899228122,0.03323204843140026,0.18478005152558388,0.150212912612248,0.9253716457091805,0.36385662245140216,0.5876688572471706,0.580934101087652,0.027684564886211488,0.030197564360412137,306853.0,37.78751556078593,0.00019519028833674872,0.0006657146181432703,0.0,0.007127195221416778,0.0008289364922809799,0.0023139477304228795,0.0021567321129955593,0.0005678702058343177,0.00278073055151946,0.0013253786334790412,0.04289469770545503,0.0189096909950509,0.028878978446302103,0.011246574428181057,0.0001539146234266073,0.00562996735279131,0.0,0.40065162164220713,3
pca032_linear,sample_ood,0.026346947157736517,0.10125369615505075,0.030129142482141075,0.12579859974356,0.15589987322973356,0.39532089087121264,0.3459896142732079,0.04244877086071316,0.2073111811243704,0.17009253772170274,1.022831256697919,0.38748941606181075,0.9066022544283414,0.6555989583333334,0.028012451706157033,0.11480477688596573,306853.0,37.78751556078593,0.001169831080530298,0.0035506186198988906,0.0006721825916226645,0.021018798738602566,0.00516713155062312,0.00650201826550346,0.0023156715189756425,0.0025727375179427645,0.006301679498686293,0.007800876411756575,0.061457930223005615,0.025697051240235552,0.027995714413387662,0.01520220628754639,0.0012056471659305985,0.020832657902574804,0.0,0.40065162164220713,3
pca064_linear,double_ood,0.025525494684358125,0.09455550459127555,0.0273785206113862,0.06768174049029647,0.15523047388623976,0.3944673863397437,0.3311628569155187,0.08427510572020702,0.29066065695568094,0.21376948389217065,0.9712339382306473,0.4067091815838035,0.7262479871175523,0.6154830454254638,0.02650677451870603,0.07121127647555113,314181.0,39.265602350234985,0.00011836949499794192,0.0003996850624377255,0.0,0.004323443792967886,0.00303827219820419,0.0035345391177921616,0.004383557949989917,0.002626257360354469,0.004565127282100395,0.005476210283291584,0.044000191736146284,0.018767118414647142,0.017804625110705324,0.020523371634479138,0.00013224143223133014,0.0027821628384447883,0.0,1.4139145050052766,3
pca064_linear,in_distribution,0.025390568436425,0.09939379184336672,0.030564779985101136,0.16928765066750884,0.20645642180959164,0.4546077405327238,0.396553877791314,0.08870201853862114,0.29858404342142014,0.24171275869888934,1.0153358205862961,0.44809243551779204,0.9533132530120483,0.6923828125,0.026783076880671542,0.16140627145280037,314181.0,39.265602350234985,0.00032925837349973155,0.0015702006985949964,0.0003918119254062368,0.0006671943611813844,0.0038903712632252616,0.00421973310859198,0.0031787427225505945,0.0022906746401031115,0.0026277578698677764,0.003931668646643676,0.037194400585738134,0.014751910395014266,0.008283981110298922,0.0284546919615888,0.0004156066267272759,0.0025069703338053634,0.0,1.4139145050052766,3
pca064_linear,locus_ood,0.025583367623448466,0.09468212233895952,0.027386690314053903,0.06584668208995086,0.15394231950908763,0.39316989068406266,0.32711192492601265,0.07145904679277608,0.26820821828471,0.2091086237754105,0.9523810724876588,0.41341398896378534,0.6724625775830595,0.6090850927703135,0.02653122369974246,0.06738744207552567,314181.0,39.265602350234985,0.0001488245944263469,0.00036738982615690924,0.0,0.005434194227915686,0.0009056009488885423,0.001285269504944615,0.0017327205227551923,0.0008138390309518463,0.0013430953316857952,0.0005877282812673796,0.04274694526349934,0.019576503413219322,0.016840829673437443,0.021402084048212075,0.00015957150650679672,0.004679529724491415,0.0,1.4139145050052766,3
pca064_linear,sample_ood,0.02533909699413606,0.09905794535431801,0.030129142482141075,0.1591518683665347,0.20700482578526092,0.455702965022319,0.3962236746932692,0.09822224061394454,0.3135024182925478,0.24337975534347897,1.0505040579161637,0.434333903021138,0.9581320450885668,0.6865234375,0.026614829014425148,0.15583828015104764,314181.0,39.265602350234985,0.0009568795207229041,0.0031783861192001255,0.0006721825916226645,0.015568110449763518,0.004205163011756891,0.004407976306962846,0.003617522496730411,0.0037806420352833026,0.005989375817920009,0.0007282229936402935,0.044092054262148836,0.019788581095085033,0.01239517255905044,0.02911728811694448,0.0009534491232560275,0.014254435046934803,0.0,1.4139145050052766,3
pca1024_linear,double_ood,0.02476011473128978,0.0929411983908625,0.0273785206113862,0.09563723026756517,0.18959869085825432,0.44543831048383664,0.3856420310603889,0.1412225312808663,0.3809394303227729,0.2894777896429495,0.8289138470565712,0.5381107079033512,0.7423510466988729,0.6493921944977608,0.025372078158355446,0.10311159203733213,1486341.0,84.30982724825542,0.0001406677538490273,0.00015965793173357528,0.0,0.0051378873185180815,0.00790919539503385,0.011694883361794249,0.011124314859418526,0.0054077559290170475,0.010068411720749019,0.0077980940609158785,0.030413312135863044,0.03152961266885381,0.0363390792154485,0.013617272331281401,0.00015635149353020606,0.00621210972637822,0.0,5.004040861639602,3
pca1024_linear,in_distribution,0.023902115800255728,0.096419945555881,0.030564779985101136,0.2179679672064172,0.2720514072021399,0.5239312409730793,0.4627363314355856,0.17581133571978783,0.4210497952122078,0.3436107162368183,0.9158272559322954,0.5727679483983487,0.9845746622855057,0.7366536458333334,0.025058885337976695,0.21237674891191416,1486341.0,84.30982724825542,0.000721580160145308,0.0021436104595705815,0.0003918119254062368,0.022362812455590783,0.01474957226068252,0.015612039482707223,0.016617039740431296,0.011937793045323235,0.01566500479144278,0.014332784465134887,0.028383626251769135,0.033597669722600094,0.005514539872879429,0.019757800658194703,0.0008505434909654412,0.021304875108276042,0.0,5.004040861639602,3
pca1024_linear,locus_ood,0.02465059276301935,0.09278743831701992,0.027386690314053903,0.09990610474134169,0.1978665957810398,0.4520477379676497,0.3847830266475474,0.1447653006583811,0.38272331340338184,0.30076437515418114,0.8504586493068009,0.5320685058227416,0.7191949616648411,0.6621880998080614,0.025360068377608107,0.10556876234202499,1486341.0,84.30982724825542,0.000113637096108185,0.00024224647779468167,0.0,0.004149354843723799,0.010538899372620399,0.013927642007518571,0.012526368566756403,0.007814274179230469,0.01184488999391011,0.009667656470177848,0.02487697822987894,0.029586599678973546,0.03971394866397964,0.011986560457578519,0.00017136807502569532,0.005580983112567585,0.0,5.004040861639602,3
pca1024_linear,sample_ood,0.02388300399793064,0.09614521491630297,0.030129142482141075,0.20724787472946193,0.2666453705421758,0.5191675479128898,0.46032594037429525,0.17098759528513593,0.41708490444641527,0.32883774521906284,0.9053626409631543,0.5735257992781907,0.9814814814814815,0.7350260416666666,0.024921443854132128,0.20253094580755981,1486341.0,84.30982724825542,0.00041171321823489,0.0010375355464346447,0.0006721825916226645,0.005290405642547971,0.013724710901381332,0.013352980476170553,0.020507473029479063,0.0067688142276230686,0.009564210354448913,0.014409933228956512,0.013819235264151747,0.01711182919390589,0.006078771687013432,0.0206314477571495,0.00038536511885488083,0.003588660590555378,0.0,5.004040861639602,3
pca1024_mlp,double_ood,0.02501357602622593,0.09362030786549687,0.0273785206113862,0.08637956077790192,0.18416197522549418,0.4296349884974458,0.3652837508396285,0.13216009132883388,0.36378762604610876,0.2784943585299766,0.9551290121326189,0.4499063611122947,0.7383252818035427,0.6340371081253999,0.025775091990961715,0.09097574574416538,449605.0,87.26900219917297,0.0001844858122317161,0.0003350443073217848,0.0,0.00673834115620521,0.0056005023615477035,0.0065008632723886975,0.0033422563819149793,0.0033216547561347198,0.004594397559859883,0.003328023747364973,0.016586379769792475,0.010134657235164551,0.051655442616249346,0.007266677345873693,0.0002147265969424814,0.00957552914166305,0.0,1.8099731384579782,3
pca1024_mlp,in_distribution,0.024409804915766446,0.09736358523928633,0.030564779985101136,0.2013807101270861,0.2494157251350568,0.499833241219059,0.4392997196101763,0.16059412559733452,0.40130958551556656,0.327465479750969,1.016450590922984,0.49242654375198797,0.9890014603870027,0.7242838541666666,0.02563782601746392,0.1953005928844865,449605.0,87.26900219917297,0.0003440051049812329,0.0013567518518746908,0.0003918119254062368,0.0026752584924246525,0.0017231710828013635,0.0021601380565596574,0.0012979763294325894,0.0013861899575899745,0.0012250737758429519,0.0019317574526000888,0.048150287558270374,0.02169239641710387,0.005504333003696451,0.011318579850725062,0.0003660205356852895,0.0038302991134166247,0.0,1.8099731384579782,3
pca1024_mlp,locus_ood,0.0249404796311257,0.09351863236735776,0.027386690314053903,0.08932115034261356,0.18956453229603887,0.4356256097475016,0.3674685451705719,0.13315133929031484,0.3651388817077501,0.28721634973284155,0.9681138899104976,0.4500404417182365,0.7201077035414385,0.6397952655150352,0.025788680792718247,0.09208921491707465,449605.0,87.26900219917297,0.00018063934581789425,0.0003608322934406229,0.0,0.006595880836509714,0.005468834390913052,0.006323215027013744,0.00420520769640715,0.0017321860196295859,0.0020269312469136467,0.0015942380284094959,0.01274628324915226,0.009852793605773378,0.049860963453253575,0.01233992419832751,0.000215829793138866,0.0089901491571873,0.0,1.8099731384579782,3
pca1024_mlp,sample_ood,0.02462419061521015,0.0975553804709719,0.030129142482141075,0.18292023666806792,0.2422068487126875,0.4924155994515638,0.4324306885929035,0.15600063369687803,0.39524315444968167,0.3138524773070539,1.0169570880925596,0.48468490854383894,0.9694041867954911,0.7164713541666666,0.02570845981306491,0.17859799788069053,449605.0,87.26900219917297,0.0010507644350863624,0.002567740435811689,0.0006721825916226645,0.01968456372189569,0.002201904062111061,0.0018064570331373278,0.004923838035089863,0.0008266852443755905,0.0014723921836146362,0.0030116763978213627,0.037910828602653136,0.019322518483173595,0.018761964891676353,0.01919469139037184,0.001020116796199621,0.01841560184836325,0.0,1.8099731384579782,3
pca128_linear,double_ood,0.02506467175639408,0.09352322595250427,0.0273785206113862,0.08451329010194349,0.1765323848798049,0.4211039359343014,0.35708272861091434,0.113677258883774,0.3380148784985187,0.256289523327575,0.9482790953582483,0.4446577592792586,0.7576489533011271,0.6308381317978248,0.025874563880378437,0.09053968400574257,334981.0,59.608978271484375,0.00011051483077234372,0.0003487820469811736,0.0,0.004036552315627461,0.0016699144127670844,0.0024757531154037758,0.005963551159756473,0.0005791949468599975,0.001398858975669867,0.0033430287969404143,0.04119573950759301,0.02043226299185918,0.005578263470431191,0.00726667734587365,8.68173287276533e-05,0.002138571099162022,0.0,7.1941563489965725,3
pca128_linear,in_distribution,0.024682805935073132,0.09786692535667973,0.030564779985101136,0.1924629800149035,0.23780377916601317,0.4881496236620572,0.42656715333326956,0.1261311882730759,0.3559470371880636,0.28647135953336494,1.0033042727777863,0.48741386398242875,0.9759492515516612,0.7102864583333334,0.0259835032399053,0.18532581097414358,334981.0,59.608978271484375,0.00038911758115320045,0.0012986584258361774,0.0003918119254062368,0.002445395785126629,0.004431987732870878,0.00494823160681011,0.002558700292541593,0.0026747503918930927,0.003195341273885327,0.002504689320220822,0.05796497593438851,0.022659598759036833,0.006643137035838989,0.019757800658194703,0.00048229397117991753,0.004937439146884008,0.0,7.1941563489965725,3
pca128_linear,locus_ood,0.025084973437630654,0.09361800692203903,0.027386690314053903,0.08404509088278152,0.1776699412747134,0.42244723024398656,0.35380472030618443,0.10457225160202392,0.32423934610006017,0.25051896180217803,0.9482276514596201,0.4460961203498152,0.7173694779116465,0.6295585412667947,0.025974409949027447,0.0868415648966107,334981.0,59.608978271484375,0.0001226512740489419,0.000353068096863794,0.0,0.004478499323666084,0.0020072275424476227,0.00295770628694885,0.0034703297330674603,0.0014305787846714936,0.0018149460318598967,0.0021405858166819885,0.04055959293051274,0.020697873062075493,0.0019183871446680461,0.009596928982725489,0.00014933879669689422,0.004207839489250917,0.0,7.1941563489965725,3
pca128_linear,sample_ood,0.024614002560606803,0.09747031957367615,0.030129142482141075,0.18315054194997668,0.23753276429051254,0.4874593023305545,0.426965788067118,0.1340997490487181,0.36646095554418917,0.2909564468394575,1.0181730513716778,0.4787956167441732,0.9790660225442834,0.7158203125,0.02577701925607523,0.17997745527170342,334981.0,59.608978271484375,0.0008126999871471214,0.002548630442798356,0.0006721825916226645,0.012534102682047302,0.005152038954693176,0.005365815994173965,0.0029725779565779142,0.003265551224388825,0.004186649675849589,0.0021362895226219067,0.013731868326498302,0.006283488654983403,0.005028178742671841,0.023940723969006372,0.0007998626515119669,0.010404901831194552,0.0,7.1941563489965725,3
pca256_linear,double_ood,0.02492091524354988,0.09315997529631674,0.0273785206113862,0.08976399429026316,0.18882289592688395,0.4368880458128081,0.37662202295527486,0.13079756106726806,0.3631823595332689,0.27422464278627584,0.9354832237265831,0.46912572228468186,0.7391304347826088,0.6442738323736404,0.025679992922566633,0.09530263184026433,401157.0,57.46938570340475,0.0003553458869779882,0.000341510750710747,0.0,0.012979002482340385,0.013705376203068208,0.01549022997436369,0.016440799265152697,0.010117062224931571,0.014572983186978842,0.015665242612539734,0.0847835518816577,0.038725804733272924,0.08007528721860281,0.030790043289868157,0.00018520968237678104,0.010178034227871757,0.0,2.8760207818457157,3
pca256_linear,in_distribution,0.024404991824750578,0.09738484412096339,0.030564779985101136,0.20139707488118816,0.25489411238157955,0.505805799696646,0.44771770775811226,0.14944383734026687,0.38735123734022747,0.31544303552917974,1.0043203625722399,0.5055703605816677,0.9768619934282584,0.7177734375,0.025638104212698288,0.19510827572969833,401157.0,57.46938570340475,0.0007825574214603751,0.0027784519647415817,0.0003918119254062368,0.029463016378386116,0.02167270602106835,0.02243763509592498,0.02280682281740685,0.014233820301293852,0.01913780486467015,0.01807841410648747,0.0847210118852629,0.040909906553571185,0.016282084569998967,0.019604355370981184,0.0008638035248375927,0.026410673895364053,0.0,2.8760207818457157,3
pca256_linear,locus_ood,0.024967893779995642,0.09327544418656265,0.027386690314053903,0.08832014771850764,0.18965926726826843,0.43743811322691634,0.3704711880767088,0.12447971444352073,0.3537823054823304,0.2753592017142396,0.9411301541764269,0.4667117300135258,0.7068273092369477,0.6455534229046705,0.025800225734419646,0.09160574206658341,401157.0,57.46938570340475,0.00035359345720807996,0.00040250442886369763,0.0,0.012911142352481643,0.014355896384250381,0.016740389813192293,0.017443313235812285,0.011007630804178355,0.01655852282217449,0.013941980476977362,0.08012660165305009,0.0385115274164224,0.08259669743857695,0.029879192396252415,0.00026019794824167067,0.011201227386246996,0.0,2.8760207818457157,3
pca256_linear,sample_ood,0.024377884835977245,0.09715268725753956,0.030129142482141075,0.19070263778952498,0.25426260223418823,0.505165006485157,0.45014823310507324,0.1532062596385937,0.39237299770480055,0.30935156931883495,1.0126234928362947,0.5003047174534684,0.9694041867954911,0.7252604166666666,0.02547691951156061,0.18643787787224633,401157.0,57.46938570340475,0.0004207366799178819,0.00023875886487694778,0.0006721825916226645,0.017764576015131806,0.020793639574724007,0.021825221374479772,0.024235647281097988,0.012618557398754471,0.016057497742701488,0.020478523044717638,0.08714785142868146,0.028629603622097793,0.022957451577106675,0.019661027175184243,0.0003295960731625905,0.013843889132726252,0.0,2.8760207818457157,3
pca512_linear,double_ood,0.024794838072625267,0.09332449286753779,0.0273785206113862,0.09436896081545147,0.18472589754125146,0.43280769633069655,0.37467262459931683,0.1329302071423516,0.3654222937897142,0.27851868703317645,0.9051909109699089,0.4789089168431133,0.7552334943639291,0.6557901471529111,0.02552987896485094,0.10000092158360756,631813.0,68.34303275744121,0.0003088815179276351,0.00032018446673159456,0.0,0.011281892192494048,0.012900968112818092,0.01241110178549977,0.013450289913873075,0.008991231761538536,0.01149276544611607,0.013529360934789642,0.05822459438629714,0.01895005661168207,0.09006563730631244,0.0077571053441984495,0.00021106076208964413,0.009865844893662526,0.0,3.2004828617519716,3
pca512_linear,in_distribution,0.02439250604295902,0.09786858559109977,0.030564779985101136,0.2016840521118639,0.25475345690048207,0.5059287103631903,0.44627118597383847,0.15825692748594747,0.3983327701043997,0.3240509424774083,0.9873499131877411,0.5139092587835625,0.9762230741146404,0.7320963541666666,0.02562655700373731,0.19515204418591722,631813.0,68.34303275744121,0.0008485964827447584,0.001862544385284397,0.0003918119254062368,0.035585199592853285,0.028991784274678564,0.028236514231036597,0.026969893824681748,0.01766575848462396,0.02167845651941804,0.022995053860599992,0.09706129319117249,0.02448078773231003,0.019447346740347555,0.018969794641059187,0.0008845709191210056,0.032603161536066134,0.0,3.2004828617519716,3
pca512_linear,locus_ood,0.024763879622575008,0.09330055285532357,0.027386690314053903,0.09576953846565976,0.18868915077038453,0.43665843631030565,0.3721063542865524,0.1323875491791544,0.36425763366730673,0.28511405620241526,0.9193407518628193,0.4757176652627703,0.7343464768163562,0.6653870761356365,0.02561944788610325,0.09823838132217093,631813.0,68.34303275744121,0.00031261752383594316,0.0003430861672224258,0.0,0.011414943545606866,0.012832889645647647,0.01273899071046145,0.015522864452140489,0.010207340699776595,0.013737711111590858,0.017175680125221096,0.05864015400525592,0.01883145913850375,0.06798156398442003,0.010571152681931099,0.000248756012905905,0.010442001988037485,0.0,3.2004828617519716,3
pca512_linear,sample_ood,0.024237825445814987,0.0974614339882764,0.030129142482141075,0.1953381520723109,0.25190744612162647,0.5031721994817614,0.44535023079774333,0.15731965311260654,0.39737827573698487,0.3131126115404013,0.9826674465616221,0.513554056719157,0.9782608695652174,0.7356770833333334,0.025319661513961218,0.19068896561885054,631813.0,68.34303275744121,0.0006375293528429347,0.0017881521913451757,0.0006721825916226645,0.024503724350231546,0.02900362217585126,0.028680723852993313,0.026132125004730798,0.01719467285632613,0.020559746600571138,0.020960559321166878,0.1003780913415203,0.022196336393041124,0.0174181221036908,0.0242638608770628,0.0005815885695907121,0.020744711838020378,0.0,3.2004828617519716,3
pca512_mlp,double_ood,0.02528859664245399,0.09405869595168308,0.0273785206113862,0.07633443744447803,0.17740109169955412,0.4218606200884545,0.3594843899174689,0.12423145320389499,0.3528833034227807,0.2667488332944516,0.9485230744846983,0.44489200117735833,0.6908212560386473,0.6340371081253999,0.026070074379655108,0.0810164859626858,384069.0,73.60944406191508,6.947259170464325e-05,0.0005319620617355304,0.0,0.00253748523124183,0.0026945395330041765,0.0036628323199830418,0.004272823317512588,0.001289309317220862,0.0023455331649223535,0.0038865483499717648,0.016627575002935966,0.011726758445307899,0.008709061051845416,0.012488305371684638,3.689881029324857e-05,0.003519201485204539,0.0,3.647000364201484,3
pca512_mlp,in_distribution,0.02431443403569789,0.09708271010788205,0.030564779985101136,0.2046175616154696,0.24349634540343834,0.4938238768488814,0.43612946419187465,0.15110243589601577,0.38895576855356523,0.3172379458759819,1.0090909449700576,0.4899346135444882,0.9868565169769988,0.7220052083333334,0.025594219276519,0.19739659742380392,384069.0,73.60944406191508,0.0008033562082209474,0.0020112248095116125,0.0003918119254062368,0.017301397802844645,0.007400180506162312,0.007495398424417395,0.008796716255341657,0.00798952182621327,0.009900511331211394,0.008668870559294665,0.04865553841517639,0.01776274086545818,0.00824996982211545,0.033351194047117574,0.0008798479613204819,0.01823171304766865,0.0,3.647000364201484,3
pca512_mlp,locus_ood,0.025246174385451653,0.09402559188770136,0.027386690314053903,0.0781589854070031,0.18177965844784713,0.4267892743274819,0.3616062591591754,0.12472699719249243,0.3533072172195065,0.2763609666656505,0.9610084823583346,0.44429800514900236,0.6700894487039065,0.6321177223288548,0.02611189513050742,0.08090094335325991,384069.0,73.60944406191508,3.666366162662963e-05,0.000527920875294606,0.0,0.0013387401400532077,0.0023122454676741287,0.0031318367443549234,0.003857035597439193,0.002515404675445968,0.003427206486289957,0.005937803425674883,0.02148308659063639,0.013018632753538444,0.017546735573706992,0.016324185313081357,4.261886044851083e-05,0.002168335687869713,0.0,3.647000364201484,3
pca512_mlp,sample_ood,0.0244593981793582,0.09707950377821632,0.030129142482141075,0.18838838818768308,0.23640030105198676,0.4866085153173125,0.42976301864470035,0.1479976162552106,0.38541067672071017,0.30348715523358855,1.007124199676831,0.4838948904527451,0.9806763285024154,0.7190755208333334,0.025557801809458203,0.18470047479739002,384069.0,73.60944406191508,0.0009872302972762136,0.0030724009117452265,0.0006721825916226645,0.015234261951982775,0.0024072253046466584,0.002928635603633995,0.009989299742718208,0.0026559662018063156,0.002824867894409398,0.006656671053987456,0.05119508488456096,0.021566367982225006,0.012781407299828944,0.02384759493150049,0.0009931989470471079,0.017395823757760286,0.0,3.647000364201484,3
randomproj032_linear,double_ood,0.02727272058976583,0.09839894921318644,0.0273785206113862,0.003864343991485497,0.061088197525329346,0.24894191831642995,0.20329127657340285,0.0049354807341035105,0.11585700150818139,0.09387062072653263,0.8964507349407643,0.2779171750124052,0.45652173913043476,0.543186180422265,0.028458111644220716,0.004187504647398037,306853.0,53.446511109670006,0.00013782819174127547,0.0004267601838166993,0.0,0.0050341723607942,0.0012686425477256558,0.0031193228565316333,0.0008975351193964033,0.0008560373985028354,0.0033936009054326907,0.0054958903884591934,0.027791028994664346,0.01102787462943528,0.03267572284654271,0.00692044390684059,0.0001223134085813135,0.004379861049873945,0.0,1.524923425640441,3
randomproj032_linear,in_distribution,0.02766416698959052,0.10419452466803143,0.030564779985101136,0.09496311954563137,0.0920227176860871,0.30366428591643385,0.2642785234769809,0.0024211849645973484,0.11946833963874422,0.10429127407770411,1.030598058775092,0.2949796075584136,0.8713490324936108,0.6012369791666666,0.029293794630003034,0.08588854050131667,306853.0,53.446511109670006,0.0005802800352903945,0.0016487272233220974,0.0003918119254062368,0.007418315830805846,0.002788540537615905,0.005042007143983435,0.003126820829123539,0.0026945601863533094,0.0045306545494649825,0.002427112927337263,0.04944750487789243,0.010933699027231703,0.014743465597573429,0.015786921423153813,0.0005722572425367581,0.007107409080744651,0.0,1.524923425640441,3
randomproj032_linear,locus_ood,0.02727622267822084,0.0983588111042328,0.027386690314053903,0.004033624894658305,0.06318371533055948,0.2528772512733626,0.20949870565253384,0.003100768458390505,0.11372261936710149,0.09430945245530149,0.9054838272778895,0.27951350757233123,0.47795728368017526,0.5399872040946897,0.02841948669140362,0.0036441210211019953,306853.0,53.446511109670006,0.00013478543812311158,0.0004076797742673624,0.0,0.004921567249546179,0.0012003482410319131,0.0028328978718856496,0.0020874903782728002,0.0018553297598627027,0.0036724026139305613,0.003778556031132449,0.03022446611554364,0.011191917242809386,0.02815483219580464,0.007757105344198422,9.658878232291041e-05,0.0030844224794262416,0.0,1.524923425640441,3
randomproj032_linear,sample_ood,0.02753522403212244,0.10392946649757658,0.030129142482141075,0.08628575045419817,0.09331380149333557,0.3058442313461802,0.25882438255917745,0.004835347662512257,0.1218288192058067,0.1047095081265786,1.0478885417271693,0.29196070296638327,0.8719806763285024,0.6064453125,0.029044643598704182,0.08118882853565366,306853.0,53.446511109670006,0.0010346524627524599,0.002987322986666172,0.0006721825916226645,0.015624822981632655,0.0009522155273145202,0.0018291111152815122,0.005292148313919618,0.002842382538608903,0.003476543034574614,0.0049559600492826835,0.026042722096487773,0.00566733971811956,0.031586224228555636,0.00931581251383736,0.0010098991333678442,0.014859211688688182,0.0,1.524923425640441,3
randomproj064_linear,double_ood,0.02670703419095707,0.09734737841847996,0.0273785206113862,0.024526030093454925,0.09016274150302694,0.3017822995613562,0.2487743356439092,0.014425202501833434,0.1504509447820428,0.11700079389272051,0.9100167747236867,0.33173571146431985,0.5587761674718196,0.5796545105566219,0.0278362486997774,0.023492818751395306,314181.0,54.41346184412638,7.953712818325651e-05,0.0005055974711549502,0.0,0.0029050922550643175,0.002163682483288198,0.004192565861774672,0.0022351381982404672,0.002449091892439242,0.007917888701477128,0.001706031556832126,0.015184706550634813,0.010191461620490788,0.03152459251280496,0.009596928982725572,8.542861367365341e-05,0.0032152702761099722,0.0,1.063079134050284,3
randomproj064_linear,in_distribution,0.026990897301190947,0.10294043286209614,0.030564779985101136,0.11691554015235421,0.1237395351025085,0.3519737963546525,0.30255670969294873,0.012663112792911472,0.15377791386856277,0.1260401741535745,1.0073591587539668,0.3497368224870645,0.9008305951077036,0.6324869791666666,0.028650734488479702,0.10477734305050862,314181.0,54.41346184412638,0.0003432339752427483,0.0018298547617500067,0.0003918119254062368,0.005547622862382604,0.004405132651758637,0.006226427072347181,0.0043738998862394565,0.0016942330339206905,0.0025555079431933683,0.0017146327323235913,0.04458425765901857,0.012121658619824296,0.020450867275043177,0.02400702352538058,0.00034983670282304284,0.007244528745909451,0.0,1.063079134050284,3
randomproj064_linear,locus_ood,0.026812460176370425,0.09740269764884374,0.027386690314053903,0.020967489357003693,0.08832431678862558,0.2989082156663435,0.24670393289644832,0.011180932794211248,0.14288589177752664,0.11520833570912027,0.9042211885303176,0.33071481284919774,0.5274278933917488,0.5649392194497761,0.02793422026216896,0.01908524391710112,314181.0,54.41346184412638,6.709707575148126e-05,0.0005146558018879135,0.0,0.0024499884791500063,0.002869942950272107,0.005472797997178442,0.001100584515419034,0.0012604511578215391,0.007665844313503613,0.002593799821723986,0.016709444761226083,0.01201735054350062,0.020555090942957033,0.014659551167485131,7.681486858960271e-05,0.00288052517963602,0.0,1.063079134050284,3
randomproj064_linear,sample_ood,0.026818447853583713,0.1026919932287495,0.030129142482141075,0.11005923301179943,0.1279231433138196,0.3579255386727884,0.30457435989227144,0.0119502703847539,0.15182870029266957,0.12277350533856612,1.023754627679344,0.34996296362418805,0.8921095008051529,0.6399739583333334,0.028332637917673747,0.10091469064632409,314181.0,54.41346184412638,0.0010402946356751432,0.0030618875522373835,0.0006721825916226645,0.018521643216005183,0.001101861868364605,0.001782744702842363,0.00370958722684019,0.0044302889136755355,0.0079975091738595,0.00646291100189509,0.04025219711288523,0.013205541461366141,0.024194813528690393,0.020723690159371103,0.0010823382737413531,0.01813174082397257,0.0,1.063079134050284,3
randomproj1024_linear,double_ood,0.0252420255932517,0.0942661907853168,0.0273785206113862,0.07803544422506081,0.17234769226642546,0.41730985749116717,0.3529362689109055,0.11448992010323444,0.3390885795748582,0.2575286473568163,0.9523915507732109,0.4409290011911228,0.7012882447665056,0.6436340371081254,0.02604667158066148,0.0808390526224767,1486341.0,84.10493977864583,0.00029921920539085047,0.0005718574816276248,0.0,0.010928976391310605,0.011012183489773867,0.012877721724220883,0.013497787770406774,0.006578469344089197,0.010077460441738172,0.010139474132539886,0.09248426523833728,0.04493898832147192,0.0641954887770617,0.023059272285272013,0.00016444243091505014,0.008719382975155303,0.0,4.169881410631269,3
randomproj1024_linear,in_distribution,0.0242037546817436,0.09743720488423203,0.030564779985101136,0.20789414699300093,0.24932916793090396,0.5002126072477677,0.43287672190039034,0.14125328234240275,0.3762562601218575,0.30172947641986364,1.0399697298638382,0.4828989829504036,0.9829773640014604,0.7249348958333334,0.025473976205409806,0.20039951909072387,1486341.0,84.10493977864583,0.0005757865811055437,0.0021120925871225354,0.0003918119254062368,0.02801750827965899,0.027091993552518488,0.02876612140170985,0.030810142371841966,0.015051697390744443,0.020946540613896183,0.022127402445267612,0.08621316625057818,0.045024010933513936,0.01473456317780891,0.02303390569053971,0.0004938590684199273,0.02602222829078641,0.0,4.169881410631269,3
randomproj1024_linear,locus_ood,0.02515714658829576,0.09413258757028647,0.027386690314053903,0.08140975416127676,0.17834791984603302,0.42396675071203255,0.3555294700218288,0.11418070011999022,0.33839066202495355,0.2650407735692471,0.95711277926022,0.44523223338663337,0.6874315443592552,0.6468330134357005,0.025966561659188984,0.08515496560925755,1486341.0,84.10493977864583,0.0003119864514297803,0.0006960771569704852,0.0,0.011391900512698306,0.009371126468820802,0.011583546444636855,0.015950675573017832,0.008627956286132492,0.013209250586169197,0.013699726972937662,0.08039686377177105,0.04241700712500692,0.07073743654969346,0.017591461400982115,0.00022770095380663288,0.009597834013164358,0.0,4.169881410631269,3
randomproj1024_linear,sample_ood,0.024355502990186895,0.09758423490761199,0.030129142482141075,0.19170693973335737,0.24108686425335832,0.4937541140101227,0.42744659919191624,0.1384623525228995,0.3735410764953884,0.2929367543203402,1.0537329299283547,0.47375900687611366,0.9677938808373591,0.7265625,0.025570741557516347,0.18399733121415027,1486341.0,84.10493977864583,0.0011360099640364968,0.004044066913495177,0.0006721825916226645,0.030585189252778013,0.025694389208810075,0.028582979421105013,0.02636103867856465,0.013886486415343045,0.019576828717542256,0.015042472951488707,0.13589008535802258,0.0671881374081167,0.02911939020938016,0.01863162502767472,0.0011200844922363406,0.028099730740596907,0.0,4.169881410631269,3
randomproj128_linear,double_ood,0.026270865900386797,0.09593156139815608,0.0273785206113862,0.040457069493329424,0.11754411506730116,0.3459593448730021,0.29254715489928057,0.036686435082064706,0.20696670509092374,0.15784874317862954,0.8891161891153905,0.38973083980895806,0.5917874396135265,0.5930902111324377,0.027254326273975393,0.042885608908484925,334981.0,55.28920300801595,0.00013077163896139352,0.00030293168816405606,0.0,0.004776431890443619,0.0007838828175006336,0.001579961509430958,0.001049657026377159,0.0009622962474235964,0.003701370431840648,0.0012978759514590582,0.04207271540677616,0.01990599389401311,0.021469068640858943,0.0038387715930902067,9.33429043872599e-05,0.0028709351877899665,0.0,1.0352189485584842,3
randomproj128_linear,in_distribution,0.026071754739709435,0.10059599287886949,0.030564779985101136,0.14701359948107287,0.16667324222332525,0.4089883103282362,0.3535091980612112,0.038480348488780236,0.21814298853902345,0.17755694531322397,0.9689338168540812,0.42291394788157893,0.919906900328587,0.6634114583333334,0.027459982353317258,0.14072002929412472,334981.0,55.28920300801595,0.0003976587870419875,0.0011822991661534343,0.0003918119254062368,0.003793780251421644,0.004794137304502653,0.005384976134702477,0.0030147667551776117,0.0037241562870153505,0.0005185875704104427,0.0017187453726474002,0.059475186155507426,0.019884344591289564,0.021726660003206163,0.017147873946700434,0.0004397157789037071,0.005401865479149838,0.0,1.0352189485584842,3
randomproj128_linear,locus_ood,0.02629931229608319,0.09595495214726692,0.027386690314053903,0.0397046158371576,0.11863603764429165,0.34739027758841284,0.2892775268096988,0.030469087037393372,0.19485507553209339,0.15527424762194456,0.8909791621070514,0.39045852212691434,0.5799561883899234,0.5860524632117722,0.02727794539808248,0.04226052057676886,334981.0,55.28920300801595,0.00016712263775478352,0.0003607413230139284,0.0,0.006102330578771013,0.0021812549835373246,0.0038455301168952905,0.0017473212948928725,0.001904301043454655,0.004742069506479791,0.0037018601584206377,0.03948532965074531,0.019473124462844025,0.03068370897771248,0.0022163158126281193,0.0001621691214400023,0.005768389589969664,0.0,1.0352189485584842,3
randomproj128_linear,sample_ood,0.02603704563210515,0.10044981434356014,0.030129142482141075,0.13597790126531728,0.16523249269338294,0.40654379458305695,0.35085155182805877,0.04513122356093535,0.22683637494471862,0.1809980400175016,0.9854847873702983,0.412547163434087,0.9041867954911433,0.6656901041666666,0.027369585915411127,0.13034742340982372,334981.0,55.28920300801595,0.000956150785087243,0.0025720703005719147,0.0006721825916226645,0.015238367853959524,0.002844131499857578,0.0034226713001905525,0.0036754559152033938,0.0005366189460724747,0.0014175284695061784,0.0031851461440556106,0.012226828783226151,0.0022078290609582416,0.03189259632904734,0.008807128423482202,0.0009385923441753301,0.013476947253673816,0.0,1.0352189485584842,3
randomproj256_linear,double_ood,0.025838753024077166,0.09515165259442722,0.0273785206113862,0.0562399849562607,0.1378520175268172,0.37190120922171777,0.3153058691290496,0.061475566783619616,0.25062531437000324,0.1861720500011034,0.9370969563635119,0.39671590481537206,0.6731078904991948,0.6122840690978887,0.02677387019315965,0.06029779106237081,401157.0,56.57621304194132,0.00024046457630648506,0.0003390314495439245,0.0,0.008782964562609727,0.0161141647055437,0.020942147410176904,0.019072668322920344,0.010245633542780208,0.018761235258085682,0.013475941240737232,0.03689379044515713,0.009116549064510482,0.057887083632910445,0.010686687836525965,0.0002259128499328551,0.009834719486543289,0.0,3.048423476583964,3
randomproj256_linear,in_distribution,0.0254320523896521,0.0996802222783697,0.030564779985101136,0.16770766707593518,0.1961377822194398,0.44254548650667597,0.38267878170132735,0.0768862472397888,0.27937048927683356,0.22423981258427617,1.0224549891979657,0.4325078419587878,0.9485669952537422,0.6891276041666666,0.026772542913881054,0.16066009642652454,401157.0,56.57621304194132,0.0005015995579469737,0.0014599407250268442,0.0003918119254062368,0.026685280728445164,0.025370927901979465,0.029360832792774908,0.02783462093131912,0.013222478079174326,0.022439475888995874,0.01916592012377002,0.038147689236259844,0.012815091103318337,0.035426527137447233,0.014495731821752808,0.0004576980699016661,0.025512445414246798,0.0,3.048423476583964,3
randomproj256_linear,locus_ood,0.025817328542266645,0.09510952521003875,0.027386690314053903,0.05730381268385395,0.14143222497701155,0.37665416993012163,0.31232184188496154,0.06238561068754289,0.25213152540364286,0.1962427160350877,0.94018500434857,0.40051890612883184,0.6426159182183279,0.615483045425464,0.02679378241760175,0.058060779479243124,401157.0,56.57621304194132,0.00027410409357656924,0.0003828930732083594,0.0,0.01000866079227941,0.013637702112349711,0.017704775759877285,0.017848277765884463,0.009213891225575668,0.01683225293111048,0.013414791129096857,0.0273875317593476,0.010243931983981483,0.07116230835095277,0.010571152681931081,0.0002730666669202387,0.010653522362590491,0.0,3.048423476583964,3
randomproj256_linear,sample_ood,0.025492675822815374,0.0996272823848104,0.030129142482141075,0.15382029419084345,0.18887102566504355,0.43443573077177927,0.37793770710930924,0.07268718732768449,0.2721140478081262,0.20897368308182165,1.0249725185833094,0.4241365018685353,0.9404186795491144,0.6884765625,0.026767952018772412,0.14968240511598901,401157.0,56.57621304194132,0.0009943943915521598,0.002984803032074126,0.0006721825916226645,0.030235790333585404,0.026538105181244963,0.031455465178768904,0.02718188477171541,0.01344891781138685,0.024181939609043076,0.016996285904236394,0.05782131030880405,0.027228311404797513,0.042414065027587565,0.019604355370981184,0.0011010497378282932,0.029872938074151208,0.0,3.048423476583964,3
randomproj512_linear,double_ood,0.025692802486612976,0.09478808123730485,0.0273785206113862,0.06157082585653547,0.15351745421581184,0.3952258445934273,0.3340356673541969,0.08928838101494319,0.30063522783007374,0.22738770257309968,0.894426563071112,0.44264698238686645,0.6505636070853462,0.6199616122840691,0.026439679387960286,0.06761229513000366,631813.0,68.47701819737752,0.0005180199339538807,0.00044205227820326974,0.0,0.018920669283293817,0.010911758727703006,0.011023924811989638,0.013147462920966961,0.004454885601557194,0.006313837711710138,0.007229133024953709,0.05987780632076755,0.017690455630233005,0.09154345061088516,0.020221984170542717,0.00042117290065094124,0.017224505885227472,0.0,3.2887277587207597,3
randomproj512_linear,in_distribution,0.024809892631737353,0.09823014174316393,0.030564779985101136,0.18808781800363694,0.2261001250064537,0.47620360965184877,0.412837623046247,0.11134407081113507,0.33490391278614623,0.26632315256513156,0.9940823192813134,0.4800655598906876,0.9613910186199343,0.705078125,0.026134981146370934,0.18032836461613164,631813.0,68.47701819737752,0.00039758939253515326,0.0016524175830192913,0.0003918119254062368,0.023278336825914347,0.020497799543355896,0.021783598831460745,0.02205903167198181,0.012997258795849741,0.017468536474193,0.01870661182788637,0.08134218584091606,0.021304029646855738,0.029652594163932147,0.02622211246503428,0.000339899722269753,0.020983643097247193,0.0,3.2887277587207597,3
randomproj512_linear,locus_ood,0.02560718863747378,0.09465945547749578,0.027386690314053903,0.06497687950511295,0.16002522399048016,0.40247561008704236,0.3369746864914951,0.08914796644396927,0.29974208281220815,0.23237706970800853,0.9094546552516155,0.4431061604546107,0.6324844833880978,0.6282789507357646,0.02647075355205482,0.06830175049136565,631813.0,68.47701819737752,0.0005477835052673696,0.0005558328714382211,0.0,0.020001814713122353,0.008452873202115723,0.008624416134083164,0.01262005327402018,0.006558393850956658,0.009560288637071535,0.012677156446768902,0.049811189853274436,0.015919495402451026,0.08579939922495146,0.022411106702670533,0.000429167374043588,0.017541596408181325,0.0,3.2887277587207597,3
randomproj512_linear,sample_ood,0.024890426581894828,0.0982328901426656,0.030129142482141075,0.1739084989877093,0.21790145407993566,0.46841927226953683,0.40585256470172987,0.10809369016809074,0.3307005083710337,0.2590210660776609,0.9803284007976204,0.4802199302285188,0.9436392914653785,0.7060546875,0.026009308353002008,0.1690029071413469,631813.0,68.47701819737752,0.000939708350449948,0.0035887627699837336,0.0006721825916226645,0.0238274202141581,0.022700906471499475,0.024860303528129516,0.022029293873856565,0.011455049045388048,0.016315146540394076,0.013225713737795745,0.10891404106287512,0.0370822648229889,0.030775386237707567,0.02510734400816883,0.0009472985096629088,0.02128781908609115,0.0,3.2887277587207597,3
wd0,double_ood,0.024549666632499727,0.09294532827579984,0.0273785206113862,0.10332384349905344,0.18908128309117742,0.4363798220691218,0.36820129671994345,0.13696866085233292,0.3702395026083598,0.2787118137636439,0.9282635534962415,0.470422092132827,0.7954911433172303,0.6583493282149712,0.02529982899761613,0.1087293270211402,1748229.0,78.45665216445923,7.517501280681726e-05,0.0005019472441446262,0.0,0.0027457660650793136,0.009659957381278766,0.009679543121863015,0.01194891642555357,0.006112938987618056,0.008471146735977991,0.009930447892634628,0.03959000421659813,0.012419098862683846,0.013734880925307533,0.00507821748764795,0.00011578985414310238,0.0032023863734365774,0.0,2.461535929173119,3
wd0,in_distribution,0.02436125106342928,0.09776318654865312,0.030564779985101136,0.2029420471528176,0.25782193000741854,0.5078343342057411,0.44663867078907643,0.1643237112990982,0.40539148900061045,0.33213966531912975,0.9864941456223911,0.5148421961205499,0.9821558963125229,0.734375,0.02554977616805935,0.19749622413903845,1748229.0,78.45665216445923,0.0005749915932842184,0.0019284910784653495,0.0003918119254062368,0.017391053179032095,0.015375610053232288,0.015026815627497192,0.017613697190545303,0.012284062093831713,0.015469555912276917,0.0156013148234082,0.03166475153554782,0.006904021847077689,0.010930917603449882,0.015347884419435265,0.0006808371476707815,0.01660874985088467,0.0,2.461535929173119,3
wd0,locus_ood,0.024496732911075552,0.09289718060404704,0.027386690314053903,0.10552415680164644,0.19346257122602828,0.4411056704606961,0.36888440845997544,0.13595901365197202,0.36889811837517783,0.2887511679095684,0.9355992109227618,0.47175291189904817,0.775009127418766,0.6647472808701216,0.02530090531444149,0.10925536156061366,1748229.0,78.45665216445923,0.00011064177735516308,0.0006106425742592869,0.0,0.004039983513392454,0.013163234719071574,0.013466245090531478,0.014372699597588521,0.008341118752831741,0.011594745835571003,0.011392829048031072,0.04313765389282954,0.011464945069211476,0.015218927329682738,0.0011081579063140117,0.00018794609230636292,0.005696752448743862,0.0,2.461535929173119,3
wd0,sample_ood,0.024210667545194086,0.09729294884881678,0.030129142482141075,0.19643813582659375,0.2532173232940881,0.5035363481066273,0.442955607112235,0.1619819344846737,0.40261104216456456,0.31770911213977066,0.9980878849734015,0.5049662712769497,0.9838969404186795,0.7376302083333334,0.025336140085614578,0.19100932016775854,1748229.0,78.45665216445923,0.0005807934368298349,0.0013537028056411476,0.0006721825916226645,0.0071209563730882846,0.0110445865572195,0.010706766225014664,0.018196322764243086,0.0059920326532428205,0.007685371796869377,0.012823000983602995,0.04808083006647925,0.01490191868657723,0.009761961073254522,0.01806860558122126,0.0005228024958782795,0.003383824024220354,0.0,2.461535929173119,3
wd1e-2,double_ood,0.024547979476347504,0.09294518730900887,0.0273785206113862,0.10338546684883802,0.18908299384630153,0.436377938682499,0.36818392541138617,0.136967413640969,0.3702431066004414,0.2787128219529472,0.9284435643128623,0.4703347036273838,0.7954911433172303,0.6583493282149712,0.025298380196522502,0.10878809951654966,1748229.0,71.91892854372661,7.47783502932961e-05,0.000504030053518077,0.0,0.0027312779735146997,0.009664152902647142,0.009690219562439824,0.011961299733510077,0.006112657602080795,0.008474251574486136,0.009923243141168584,0.03981343453983541,0.012583696652476656,0.013734880925307533,0.00507821748764795,0.00011653267959639695,0.0032160497889147407,0.0,6.729138294103716,3
wd1e-2,in_distribution,0.02436238263812071,0.09777039360956481,0.030564779985101136,0.2029049680904328,0.25780452561668926,0.5078194463239244,0.4466161484619638,0.16431695261982038,0.40538730774582793,0.3321336775248463,0.9866632634790085,0.514744548993924,0.9821102592186929,0.7347005208333334,0.025550942755712226,0.19745862733328515,1748229.0,71.91892854372661,0.0005745803661909686,0.0019276491497278764,0.0003918119254062368,0.017380054478201686,0.015371411365646081,0.015028092964649279,0.01761686784997815,0.012283233542124431,0.015471441159406333,0.015596293254158022,0.031986681689922775,0.007152648783591263,0.010899147021232583,0.01569604616047032,0.0006805605975746143,0.016597082644081912,0.0,6.729138294103716,3
wd1e-2,locus_ood,0.02449497661826568,0.0928968684040341,0.027386690314053903,0.10558828623056722,0.19346823617784015,0.44110760693708,0.3688700188164864,0.1359576848491538,0.36890089517726016,0.2887500799357117,0.9357911791728836,0.4716629024540279,0.7751004016064257,0.6647472808701216,0.02529928419920464,0.10931764376587454,1748229.0,71.91892854372661,0.00011092762145653198,0.0006126827241443462,0.0,0.00405042084985376,0.013168605866314827,0.013478613322950417,0.014387465581933274,0.0083439688229756,0.01160023500787393,0.011390804903020468,0.04329319440212132,0.011629192749671476,0.015172669397348317,0.0011081579063140117,0.00018888306586639165,0.005728101448531854,0.0,6.729138294103716,3
wd1e-2,sample_ood,0.02421138230332993,0.09729940970132576,0.030129142482141075,0.19641443948804224,0.25319624586011996,0.5035174159010279,0.44293426382759704,0.16197998729775454,0.40261271400437315,0.31770871495308856,0.9982518883924664,0.5048669936427979,0.9838969404186795,0.7376302083333334,0.0253369270738165,0.19098493057430943,1748229.0,71.91892854372661,0.0005808237232587483,0.0013585086943106227,0.0006721825916226645,0.00711771482912986,0.011033750599032067,0.01070402738826314,0.018200542966076576,0.005986943698220051,0.0076852456987268605,0.012813029837102093,0.04823756811443548,0.014914203190002412,0.009761961073254522,0.01806860558122126,0.0005228222333456047,0.0033827948053446644,0.0,6.729138294103716,3
wd1e-3,double_ood,0.024549320084319714,0.09294494080461897,0.0273785206113862,0.10333650116543829,0.1890768862109269,0.4363760438417336,0.3681966170942011,0.1369689726939455,0.3702400905694711,0.278716794708177,0.9282383691247992,0.4704312506615778,0.7954911433172303,0.6583493282149712,0.025299468821499194,0.10874104059112054,1748229.0,79.03862222035725,7.536529984903438e-05,0.0005023520565273161,0.0,0.0027527162960620474,0.009668447850354067,0.00968854738189466,0.011956041507870658,0.006117681234036269,0.00847776219357532,0.00993333673871857,0.03961613242976999,0.012431949880677093,0.013734880925307533,0.00507821748764795,0.00011638515049293116,0.0032194910583602473,0.0,1.9767433739395972,3
wd1e-3,in_distribution,0.024361439087816423,0.0977641091204871,0.030564779985101136,0.20293590640020223,0.2578185580881302,0.5078316879227832,0.44663324388495074,0.16432408686229671,0.4053920565688111,0.33214056074587583,0.9864620321092973,0.5148570135230912,0.9821102592186929,0.734375,0.02554987860955733,0.19749135157893727,1748229.0,79.03862222035725,0.0005747420379515354,0.0019273944018717024,0.0003918119254062368,0.017381408909847306,0.015371586568535702,0.015022838508773203,0.017609972444898574,0.012283702317210128,0.01546920803679498,0.015599827355924117,0.03169661751421482,0.006938491190288482,0.010884518634623119,0.015347884419435265,0.0006806592029273488,0.016601052563344293,0.0,1.9767433739395972,3
wd1e-3,locus_ood,0.024496318900997963,0.09289671593698694,0.027386690314053903,0.10553927400174756,0.19346010498299074,0.4411037013471237,0.36888009755120815,0.13595977654315017,0.36889916957863705,0.28875256767953245,0.9355826977393206,0.47175960742439277,0.775009127418766,0.6647472808701216,0.0253004559850636,0.10927049838359315,1748229.0,79.03862222035725,0.00011111732326458345,0.0006111676803400662,0.0,0.004057347638227035,0.013171434993324417,0.013474857479656913,0.014377989014662713,0.008344942129026969,0.011599895208403653,0.011395295290417051,0.043163306041365396,0.011480655774377459,0.015218927329682738,0.0011081579063140117,0.00018861243422064764,0.005719673092812099,0.0,1.9767433739395972,3
wd1e-3,sample_ood,0.024210781676610463,0.09729368451916769,0.030129142482141075,0.19643436888060897,0.25321312190804807,0.5035323699940212,0.44295212264714773,0.16198274477906296,0.40261206437522845,0.31771049536720086,0.9980499618027429,0.5049815712580349,0.9838969404186795,0.7376302083333334,0.02533618742955575,0.19100561445915343,1748229.0,79.03862222035725,0.0005808101217705479,0.0013544250373938905,0.0006721825916226645,0.007118601473918432,0.011043503813822873,0.010705406353397656,0.01819682092778133,0.005991890495536265,0.007685546175031266,0.012823422486485311,0.04808700393483611,0.014900672364679684,0.009761961073254522,0.01806860558122126,0.0005227717644363229,0.0033823337704604406,0.0,1.9767433739395972,3
wd1e-5,double_ood,0.024549666632499727,0.09294532827579984,0.0273785206113862,0.10332384349905344,0.18908128309117742,0.4363798220691218,0.36820129671994345,0.13696866085233292,0.3702395026083598,0.2787118137636439,0.9282635534962415,0.470422092132827,0.7954911433172303,0.6583493282149712,0.02529982899761613,0.1087293270211402,1748229.0,79.81999500592549,7.517501280681726e-05,0.0005019472441446262,0.0,0.0027457660650793136,0.009659957381278766,0.009679543121863015,0.01194891642555357,0.006112938987618056,0.008471146735977991,0.009930447892634628,0.03959000421659813,0.012419098862683846,0.013734880925307533,0.00507821748764795,0.00011578985414310238,0.0032023863734365774,0.0,1.6987268565171938,3
wd1e-5,in_distribution,0.02436125106342928,0.09776318654865312,0.030564779985101136,0.2029420471528176,0.25782193000741854,0.5078343342057411,0.44663867078907643,0.1643237112990982,0.40539148900061045,0.33213966531912975,0.9864941456223911,0.5148421961205499,0.9821558963125229,0.734375,0.02554977616805935,0.19749622413903845,1748229.0,79.81999500592549,0.0005749915932842184,0.0019284910784653495,0.0003918119254062368,0.017391053179032095,0.015375610053232288,0.015026815627497192,0.017613697190545303,0.012284062093831713,0.015469555912276917,0.0156013148234082,0.03166475153554782,0.006904021847077689,0.010930917603449882,0.015347884419435265,0.0006808371476707815,0.01660874985088467,0.0,1.6987268565171938,3
wd1e-5,locus_ood,0.024496732911075552,0.09289718060404704,0.027386690314053903,0.10552415680164644,0.19346257122602828,0.4411056704606961,0.36888440845997544,0.13595901365197202,0.36889811837517783,0.2887511679095684,0.9355992109227618,0.47175291189904817,0.775009127418766,0.6647472808701216,0.02530090531444149,0.10925536156061366,1748229.0,79.81999500592549,0.00011064177735516308,0.0006106425742592869,0.0,0.004039983513392454,0.013163234719071574,0.013466245090531478,0.014372699597588521,0.008341118752831741,0.011594745835571003,0.011392829048031072,0.04313765389282954,0.011464945069211476,0.015218927329682738,0.0011081579063140117,0.00018794609230636292,0.005696752448743862,0.0,1.6987268565171938,3
wd1e-5,sample_ood,0.024210667545194086,0.09729294884881678,0.030129142482141075,0.19643813582659375,0.2532173232940881,0.5035363481066273,0.442955607112235,0.1619819344846737,0.40261104216456456,0.31770911213977066,0.9980878849734015,0.5049662712769497,0.9838969404186795,0.7376302083333334,0.025336140085614578,0.19100932016775854,1748229.0,79.81999500592549,0.0005807934368298349,0.0013537028056411476,0.0006721825916226645,0.0071209563730882846,0.0110445865572195,0.010706766225014664,0.018196322764243086,0.0059920326532428205,0.007685371796869377,0.012823000983602995,0.04808083006647925,0.01490191868657723,0.009761961073254522,0.01806860558122126,0.0005228024958782795,0.003383824024220354,0.0,1.6987268565171938,3
