family,seed,unit,mean_diff,ci_low,ci_high
c0_v1,17,patient,-0.00790388519073107,-0.010197338112180246,-0.005151902545019183
c0_v1,17,genomic_block,-0.00828450215819967,-0.021640979245171398,0.004658290448709629
c0_v1,29,patient,0.0017686135208889876,-0.0006829849037694319,0.004069604424244899
c0_v1,29,genomic_block,0.0019144692491048043,-0.013760882773958325,0.015313206137802167
c0_v1,43,patient,0.003480192907334452,0.0008431201709401232,0.00587712894023899
c0_v1,43,genomic_block,0.0031537097241371025,-0.005820785236921278,0.013606048637165344
c0_v2,17,patient,-0.00033349299830662667,-0.0004289045463633873,-0.00025230773959679105
c0_v2,17,genomic_block,-0.00033175125633409406,-0.0007085951409830094,2.5907889351386973e-05
c0_v2,29,patient,0.00045382946697032764,0.00033132455837525665,0.0005442575180465842
c0_v2,29,genomic_block,0.0004486569220749307,1.821477583219545e-05,0.0009580128418446879
c0_v2,43,patient,-7.46556624774064e-05,-0.00013320405820901326,-1.463055409896556e-05
c0_v2,43,genomic_block,-8.760293385205453e-05,-0.00036706630174764,0.00022487733741476665
c0_v3,17,patient,-0.007899936148575065,-0.010651341485683252,-0.005017298427988824
c0_v3,17,genomic_block,-0.007738172660417906,-0.01999007487208381,0.004429334390413883
c0_v3,29,patient,0.0018291496162600154,-0.0008040889028118141,0.004344197486165377
c0_v3,29,genomic_block,0.0020804394422388726,-0.01189107504411959,0.013543309641949748
c0_v3,43,patient,0.0036192754738984347,0.001107110805234285,0.006128116018569519
c0_v3,43,genomic_block,0.003129182545040391,-0.008525728654221756,0.013853924834176093
c1_mlp64_v0,17,patient,-0.013267828207235386,-0.0169440257889081,-0.009595422381026111
c1_mlp64_v0,17,genomic_block,-0.013434974325058429,-0.030508009300624254,0.009370414837888006
c1_mlp64_v0,29,patient,-0.0312794504672418,-0.03520421568230034,-0.027960946863987608
c1_mlp64_v0,29,genomic_block,-0.031425515965372804,-0.06040576388021257,-0.005075594351442167
c1_mlp64_v0,43,patient,-0.016755241298243514,-0.020169367811118534,-0.012563828811530776
c1_mlp64_v0,43,genomic_block,-0.017139955861941978,-0.03886604323847105,0.003332118740261232
c1_mlp64_v1,17,patient,-0.02862753822964444,-0.03187642853751888,-0.02573902845788552
c1_mlp64_v1,17,genomic_block,-0.028912756963147584,-0.05345282996241145,-0.007983151058630074
c1_mlp64_v1,29,patient,-0.02869955450048157,-0.03237012556246138,-0.025391467385848895
c1_mlp64_v1,29,genomic_block,-0.027877466818391195,-0.05170908288852086,-0.0064085653079931255
c1_mlp64_v1,43,patient,-0.021043579922382045,-0.024184926649240667,-0.017362445680421678
c1_mlp64_v1,43,genomic_block,-0.021907826542596834,-0.04200076037435196,-0.004331947540658183
c1_mlp64_v2,17,patient,-0.0168363478528761,-0.020515095530855735,-0.013611196065835923
c1_mlp64_v2,17,genomic_block,-0.016160853033488923,-0.0327413056093161,0.003732670236730808
c1_mlp64_v2,29,patient,-0.031099330572164116,-0.03498404877682369,-0.02765670457632459
c1_mlp64_v2,29,genomic_block,-0.03057372692264716,-0.06024767867317972,-0.0019711517960951316
c1_mlp64_v2,43,patient,-0.019029977634750197,-0.02247954181439622,-0.015397063961017062
c1_mlp64_v2,43,genomic_block,-0.019127295055134958,-0.03911011389489534,0.001523097051759783
c1_mlp64_v3,17,patient,-0.028762530183857767,-0.03166537754911728,-0.025675649833761468
c1_mlp64_v3,17,genomic_block,-0.029094639773933957,-0.05301309430574364,-0.008049239075593276
c1_mlp64_v3,29,patient,-0.028664958202644957,-0.03223469258853696,-0.025152225959917115
c1_mlp64_v3,29,genomic_block,-0.02744497644338826,-0.048812615793272916,-0.005219025688544445
c1_mlp64_v3,43,patient,-0.021020303213171884,-0.02532998006640757,-0.01727813303438987
c1_mlp64_v3,43,genomic_block,-0.019614634889474476,-0.0406087588671453,0.0021722709206206787
c2_k4_v0,17,patient,-0.01907413784040126,-0.021671803789886823,-0.0162580086326903
c2_k4_v0,17,genomic_block,-0.018709450348031415,-0.03297718472559072,-0.0036432356419336437
c2_k4_v0,29,patient,-0.008591178510849885,-0.010725461987959952,-0.005953139316225036
c2_k4_v0,29,genomic_block,-0.008449705758969698,-0.02114812369873144,0.0039008768134834513
c2_k4_v0,43,patient,0.0027779619122663395,-3.172549806989828e-05,0.005654571338690572
c2_k4_v0,43,genomic_block,0.003033183394051617,-0.010122673317775041,0.01641702388735187
c2_k4_v1,17,patient,-0.011988593174337531,-0.015311260207756094,-0.008762780116872518
c2_k4_v1,17,genomic_block,-0.011983523760081605,-0.025767354677793217,0.0024120165709278574
c2_k4_v1,29,patient,-0.01525091426132351,-0.018573578798845004,-0.012251131223159208
c2_k4_v1,29,genomic_block,-0.014832641783370388,-0.03635026471501128,0.005974733407464319
c2_k4_v1,43,patient,-0.008532227638196917,-0.01144085900620033,-0.005557521893274606
c2_k4_v1,43,genomic_block,-0.008492487084104132,-0.02170145961363945,0.0044062388659316595
c2_k4_v2,17,patient,-0.01950651231705824,-0.021843069361138067,-0.017246354826720406
c2_k4_v2,17,genomic_block,-0.019624731411510898,-0.03527850061302099,-0.003808166737923361
c2_k4_v2,29,patient,-0.008395639702955877,-0.010531397517066573,-0.005780448755389084
c2_k4_v2,29,genomic_block,-0.00815260316845525,-0.021999905338900397,0.003842920784252841
c2_k4_v2,43,patient,0.0029462834555934333,-1.5497635757843957e-05,0.005760050451860124
c2_k4_v2,43,genomic_block,0.003056572046620152,-0.008278921276381083,0.016906548049788805
c2_k4_v3,17,patient,-0.011945390578061335,-0.014953483386107802,-0.00865774920222289
c2_k4_v3,17,genomic_block,-0.011895709056487454,-0.02774466609542084,0.0032226339154595926
c2_k4_v3,29,patient,-0.015220287589541186,-0.018169394459689778,-0.012271576069651575
c2_k4_v3,29,genomic_block,-0.015447058561937777,-0.03873196120091412,0.004370535532717002
c2_k4_v3,43,patient,-0.008531818544594501,-0.011673591579277174,-0.005726453932785914
c2_k4_v3,43,genomic_block,-0.007938824166428009,-0.022391941330313633,0.004530618408562717
