family,panel,baseline_family,n_paired_seeds,mse_diff_mean,mse_diff_std,mse_paired_p,skill_vs_prior_diff_mean,skill_vs_prior_diff_std,skill_vs_prior_paired_p,dynamic_skill_diff_mean,dynamic_skill_diff_std,dynamic_skill_paired_p,within_cancer_skill_diff_mean,within_cancer_skill_diff_std,within_cancer_skill_paired_p
c0,double_ood,c0_v0,3,0.0,0.0,,0.0,0.0,,0.0,0.0,,0.0,0.0,
c0,in_distribution,c0_v0,3,0.0,0.0,,0.0,0.0,,0.0,0.0,,0.0,0.0,
c0,locus_ood,c0_v0,3,0.0,0.0,,0.0,0.0,,0.0,0.0,,0.0,0.0,
c0,sample_ood,c0_v0,3,0.0,0.0,,0.0,0.0,,0.0,0.0,,0.0,0.0,
c0_lr2e-4,double_ood,c0_v0,3,0.00033958444080447434,9.307012064025182e-05,0.0241354629396571,-0.012403315928737483,0.0033993845745466053,0.024135462939657515,-0.02141684196810804,0.012989502299376085,0.10386323192884495,-0.019838477481119814,0.009331075717271316,0.06647489756214936
c0_lr2e-4,in_distribution,c0_v0,3,0.0008657785597883152,0.0007440095527166091,0.18140656710874137,-0.0283517575769295,0.02437283848417858,0.1815026191822325,-0.029070776445474584,0.023825920513796558,0.16891766962031945,-0.033882557651287636,0.017018106347685084,0.0747804653311221
c0_lr2e-4,locus_ood,c0_v0,3,0.00046245868221761813,9.400616486505801e-05,0.013495352188390182,-0.016886256678496858,0.0034325493072384188,0.013495352188390422,-0.02850647631390905,0.016266160160896947,0.09355190767178195,-0.03024953537289843,0.011662018162669449,0.04614168237515427
c0_lr2e-4,sample_ood,c0_v0,3,0.0006153511355728043,0.0004675422787214597,0.15023894399003815,-0.020659448591134777,0.015976092229068543,0.15444369196686758,-0.021706688735942503,0.019665629747413326,0.19605132132010736,-0.021754899681676543,0.011448588051436826,0.08122549389708052
c0_lr2e-5,double_ood,c0_v0,3,0.0,0.0,,0.0,0.0,,0.0,0.0,,0.0,0.0,
c0_lr2e-5,in_distribution,c0_v0,3,0.0,0.0,,0.0,0.0,,0.0,0.0,,0.0,0.0,
c0_lr2e-5,locus_ood,c0_v0,3,0.0,0.0,,0.0,0.0,,0.0,0.0,,0.0,0.0,
c0_lr2e-5,sample_ood,c0_v0,3,0.0,0.0,,0.0,0.0,,0.0,0.0,,0.0,0.0,
c0_lr6.67e-5,double_ood,c0_v0,3,0.00026688609954466394,0.00011485056722219776,0.056544618489748684,-0.00974801024981864,0.0041949150157673,0.05654461848974948,-0.0055614137125960346,0.013782382866093085,0.5569478882855927,-0.003314256532338152,0.00958698541627465,0.6101085732615558
c0_lr6.67e-5,in_distribution,c0_v0,3,3.006766839914442e-05,0.00112104580475458,0.9671687184113437,-0.0012961129691896334,0.03669399956568286,0.9567797349541856,0.0016785645425147304,0.026826784812472557,0.923591168049616,-0.004062332251287344,0.0202263829699813,0.7611385454618642
c0_lr6.67e-5,locus_ood,c0_v0,3,0.0002745539880446117,0.0001196430757380462,0.057860035314100444,-0.010025088278145114,0.004368657708034508,0.05786003531409973,-0.006622712648480837,0.015074187619671872,0.5261600089448104,-0.004870098894457775,0.014204020273158417,0.6128259982055014
c0_lr6.67e-5,sample_ood,c0_v0,3,-0.00028856979287177526,0.0010055095736285335,0.6683994024540518,0.009470697860120855,0.03324156671129249,0.6705444529484343,0.00562379672420484,0.024667559681486418,0.731065336381214,-0.00042082817770672243,0.01507129883979296,0.9658220543490993
c0_v1,double_ood,c0_v0,3,2.4425522979141846e-05,0.00017036214700651302,0.8270494349924161,-0.0008921418116720018,0.0062224745239033135,0.8270494349924191,0.0004562778286236746,0.0077289206601735445,0.9278852805169083,0.00048167301825419173,0.004962711105672302,0.8819592311416111
c0_v1,in_distribution,c0_v0,3,-0.00019407743011481035,0.00044590255394871977,0.5295956774857178,0.0063578697764620955,0.014625305118266664,0.5300412573815887,0.0044175227166454905,0.014976055321215674,0.660226742784242,0.0036378827483407226,0.010686345360861705,0.6151760343462127
c0_v1,locus_ood,c0_v0,3,-3.7087927393081775e-05,0.00017005809348460588,0.741942626349714,0.0013542318172725665,0.006209516065449383,0.7419426263497095,0.003203114513674351,0.007522008105113558,0.5375755644764817,0.003165413729529054,0.0071255057705845466,0.5220806782466758
c0_v1,sample_ood,c0_v0,3,-0.00013200904396101776,0.00048933706410819,0.6862793004553303,0.004182508048165483,0.016338234128442604,0.7008308831436978,0.0016092216980145106,0.012960500860494321,0.8496597037847248,0.0006614204368068736,0.006827453588455093,0.8821773231210127
c0_v2,double_ood,c0_v0,3,-4.4025967275868977e-07,1.0999784612734576e-05,0.9510391226563775,1.6080477064805976e-05,0.0004017669460254929,0.9510391226562553,7.288616808072874e-05,4.500788742348989e-05,0.1070758827149313,2.152620728312904e-05,5.6363541678830475e-05,0.5763080358108592
c0_v2,in_distribution,c0_v0,3,-1.3572111302456724e-06,4.523185506965899e-06,0.6550620439784492,4.492736052415699e-05,0.00014915883920059344,0.6538998100741193,4.308634037752945e-05,8.019838881095506e-05,0.45032769274495366,2.23129624266812e-05,4.811992275066921e-05,0.5061706347038133
c0_v2,locus_ood,c0_v0,3,1.0372743639019966e-07,1.0601870527389036e-05,0.9880181024841339,-3.7875126640181853e-06,0.0003871176255989218,0.988018102484155,8.498656257612443e-05,7.290244867788859e-05,0.18092208248014577,3.0273065889652173e-05,9.737724530799538e-05,0.6441665239865366
c0_v2,sample_ood,c0_v0,3,9.30776512577299e-09,9.17805339583834e-06,0.9987579469940775,-4.114686967704451e-06,0.000300913120302212,0.9832551827427529,2.1657032484985923e-05,7.290364004503625e-05,0.6580984110139789,2.8525858587813424e-05,4.971198875320051e-05,0.4250087594487414
c0_v3,double_ood,c0_v0,3,2.3655096628627293e-05,0.00016996706997041703,0.83197016064766,-0.0008640020023137721,0.006208044341874689,0.8319701606476638,0.00047169389222108854,0.007734557099087838,0.9255161052445915,0.0004921014521911404,0.004966359590311121,0.8795276354875496
c0_v3,in_distribution,c0_v0,3,-0.00019508938056720868,0.0004462630782222564,0.5279854963595989,0.006391013264325525,0.014637215129350222,0.5284342899132803,0.004440227016579978,0.014981127408036936,0.6587855246695209,0.0036524290206579138,0.010690116964007495,0.6139822602618138
c0_v3,locus_ood,c0_v0,3,-3.784682897756825e-05,0.00016967823287084772,0.7364760746034584,0.0013819424159533151,0.006195645801850444,0.7364760746034521,0.0032169301085609447,0.007527511021489592,0.5362759504012187,0.003177893366637504,0.0071279157918692675,0.5207536583272774
c0_v3,sample_ood,c0_v0,3,-0.00013303188227648555,0.0004896942461181128,0.6842977159683736,0.00421635419215316,0.01634966543811495,0.6988205868565995,0.0016317359881132438,0.012966587173356175,0.8476747155706618,0.0006739057186239498,0.006834479602639181,0.88010659327456
c1_mlp128_32,double_ood,c0_v0,3,0.0015045739067092352,0.000592171699777903,0.047951739205942624,-0.05495453637051199,0.021629061269717836,0.047951739205942895,-0.03881178948852263,0.020726995640324302,0.083352155758778,-0.03493423561644963,0.01646559736519304,0.06672476172662452
c1_mlp128_32,in_distribution,c0_v0,3,-0.0004939455788965028,0.0019818443535473147,0.7080490618656028,0.015651723183370454,0.06426916441995809,0.7141761020193911,-0.057188234134191385,0.03926645564755227,0.12772501747661127,-0.04948980082465052,0.02747525805023328,0.08920479820276143
c1_mlp128_32,locus_ood,c0_v0,3,0.0015689905025294594,0.0005373755101041674,0.03694804731715986,-0.057290256125776096,0.019621776269489723,0.036948047317159775,-0.04431783582232918,0.022116062112745083,0.07392424816885608,-0.04219160161951274,0.017481910187767395,0.052740987406705714
c1_mlp128_32,sample_ood,c0_v0,3,-0.0004014064933776905,0.0023065981829821047,0.7915455475525854,0.012315594817393602,0.07541932369041897,0.8038889048768298,-0.052598289610688985,0.04043793883662945,0.15304189412677666,-0.03927520086532229,0.02654772725731347,0.12448881775378533
c1_mlp64,double_ood,c0_v0,3,0.0005629282785024973,0.00026088329474600457,0.06471947785463181,-0.02056094580466065,0.009528757906572575,0.06471947785463285,-0.010417838471442694,0.002769315985882127,0.02275338605892666,-0.004572708559216247,0.0031668023389460776,0.12952759951437903
c1_mlp64,in_distribution,c0_v0,3,-0.0017605840539380452,0.0008352201996400352,0.06751002719408322,0.05748677269245731,0.02679290738142779,0.06538573302246646,-0.013462953356087604,0.012259525938844999,0.19750760481860094,-0.00706146620284646,0.008613113326127322,0.2914453474844726
c1_mlp64,locus_ood,c0_v0,3,0.0005073795431743862,0.00021892077640529699,0.0568190047678252,-0.01852650091544709,0.007993692333569596,0.056819004767825504,-0.010477466726580306,0.005412261677978412,0.07860157259632986,-0.004669088541731055,0.0060043109999851785,0.310341613873946
c1_mlp64,sample_ood,c0_v0,3,-0.0017803923452479424,0.0007457656235725156,0.05380891669830306,0.058764154183889326,0.023274336027572607,0.04851510385054531,-0.011195879062899686,0.012357068878087601,0.2571419487849904,-0.005383559212434201,0.007062368416704049,0.317574298240219
c1_mlp64_v0,double_ood,c0_v0,3,0.0005629282785024973,0.00026088329474600457,0.06471947785463181,-0.02056094580466065,0.009528757906572575,0.06471947785463285,-0.010417838471442694,0.002769315985882127,0.02275338605892666,-0.004572708559216247,0.0031668023389460776,0.12952759951437903
c1_mlp64_v0,in_distribution,c0_v0,3,-0.0017605840539380452,0.0008352201996400352,0.06751002719408322,0.05748677269245731,0.02679290738142779,0.06538573302246646,-0.013462953356087604,0.012259525938844999,0.19750760481860094,-0.00706146620284646,0.008613113326127322,0.2914453474844726
c1_mlp64_v0,locus_ood,c0_v0,3,0.0005073795431743862,0.00021892077640529699,0.0568190047678252,-0.01852650091544709,0.007993692333569596,0.056819004767825504,-0.010477466726580306,0.005412261677978412,0.07860157259632986,-0.004669088541731055,0.0060043109999851785,0.310341613873946
c1_mlp64_v0,sample_ood,c0_v0,3,-0.0017803923452479424,0.0007457656235725156,0.05380891669830306,0.058764154183889326,0.023274336027572607,0.04851510385054531,-0.011195879062899686,0.012357068878087601,0.2571419487849904,-0.005383559212434201,0.007062368416704049,0.317574298240219
c1_mlp64_v1,double_ood,c0_v0,3,0.0007159212593200308,0.00012057742752204922,0.009323379521397142,-0.026149011828721386,0.004404088490884464,0.009323379521397133,-0.018299321421261894,0.003731126682849615,0.013576068518656198,-0.010428863420319087,0.0021430842910196784,0.013785729546516898
c1_mlp64_v1,in_distribution,c0_v0,3,-0.0004764481997808813,0.0004856971842085487,0.2314059089731834,0.015602872818933652,0.015954212810448877,0.2323637644125551,-0.033989059414579935,0.00996521007674117,0.027477712302661703,-0.021426755000412762,0.005355834241626903,0.020197851374489158
c1_mlp64_v1,locus_ood,c0_v0,3,0.0007151018120883356,0.00011995300867155318,0.009249264450004844,-0.026111289969250828,0.004379974626214592,0.00924926445000485,-0.020666657689628498,0.005448866879472643,0.02239584015716015,-0.014239846962159334,0.004417689046078472,0.030616082359303836
c1_mlp64_v1,sample_ood,c0_v0,3,-0.0006140580173286831,0.0002099376035922697,0.03682331915676715,0.02031465773014962,0.006746319886930823,0.03485112048954977,-0.03218636315121389,0.008654526554632733,0.02326259789145149,-0.01652001106760533,0.0034959496640757496,0.014601402857815691
c1_mlp64_v2,double_ood,c0_v0,3,0.000608960415380074,0.0002138389955470136,0.038730867728116666,-0.022242268821742666,0.007810465677903857,0.03873086772811718,-0.01100616056330391,0.0032055787751922365,0.027130678671779856,-0.004898317936922192,0.0037604776793703203,0.15269966311038763
c1_mlp64_v2,in_distribution,c0_v0,3,-0.0017334670443617528,0.0008367637658741586,0.06965271270629284,0.05659073749444821,0.0268117640207791,0.06735215074954876,-0.013503820741007533,0.012593927176400314,0.20440565749243814,-0.007300891511817638,0.008873337951912107,0.2901838886068325
c1_mlp64_v2,locus_ood,c0_v0,3,0.0005591767845065642,0.00016497653116988434,0.0278104524172044,-0.020417829905485612,0.006023967455652152,0.02781045241720464,-0.011136498235507183,0.005986264643669902,0.08431270425340182,-0.0050539508847838865,0.006762942200610847,0.32484239884182553
c1_mlp64_v2,sample_ood,c0_v0,3,-0.0017459887521422066,0.0007598577935501251,0.05772149448996035,0.05762669316729652,0.02377103525972643,0.052308396747460614,-0.012233930016427327,0.012886270900575475,0.2418275586818991,-0.005858676334958772,0.007398707964781615,0.30381020602900444
c1_mlp64_v3,double_ood,c0_v0,3,0.00071592754731867,0.00012197574866721172,0.009537610460978967,-0.026149241497764836,0.004455162146945399,0.009537610460979042,-0.018287270431240416,0.0037080509018487104,0.013429341391552678,-0.010422163534124914,0.0021303972356469182,0.013643468751699868
c1_mlp64_v3,in_distribution,c0_v0,3,-0.0004790062623695283,0.0004859126131138525,0.2298639851164602,0.015686418920323703,0.01596089997722917,0.2308150759801288,-0.033958127097614255,0.009959212145563636,0.02749397369446674,-0.021405189402122993,0.005349058621777319,0.020187709901521935
c1_mlp64_v3,locus_ood,c0_v0,3,0.0007150388602451171,0.00012109771784953263,0.00942577435795113,-0.026108991340154136,0.004421772637031246,0.009425774357951083,-0.020651900205154023,0.005425486961329604,0.022241104897042396,-0.014226994447542126,0.004408901378370252,0.03055254127540677
c1_mlp64_v3,sample_ood,c0_v0,3,-0.0006163234556010542,0.00020985339778560388,0.036540010804253446,0.02038984289610213,0.006742072844232762,0.03456641165685286,-0.032160180076220346,0.008642307691099086,0.023235707872729633,-0.016504310404495032,0.0034852649845397714,0.014541245787179403
c2_k4,double_ood,c0_v0,3,0.00022783037478020401,0.0002986187741526184,0.3172591883439113,-0.008321500566595752,0.010907045650539196,0.31725918834391076,-0.011635868358525,0.003379794308643263,0.026989649207882625,-0.006482725860682881,0.0010311468100531792,0.008328227255980845
c2_k4,in_distribution,c0_v0,3,0.00024914587711869174,0.0004212333550534255,0.41335261771052656,-0.008120141167156017,0.013820674747448828,0.41591903893620663,-0.020093029645759503,0.009125273976265755,0.06238645385137335,-0.010785911433968601,0.005854710986325973,0.08576781780114015
c2_k4,locus_ood,c0_v0,3,0.0002524929510737105,0.0002736747847002363,0.25114383482446634,-0.009219549649054878,0.009992984970505723,0.2511438348244655,-0.012584219965011245,0.004926019097355895,0.04746885141748403,-0.0076810214331501925,0.0030036336814358395,0.0473791191832039
c2_k4,sample_ood,c0_v0,3,0.00011778338465927296,0.00043296105773541274,0.683901916626724,-0.0040927863598175795,0.014591848223074702,0.6751131858993012,-0.019953069836851484,0.008172140573468455,0.05162374075913876,-0.010390467259890864,0.0030526900773999825,0.027587194679887277
c2_k4_v0,double_ood,c0_v0,3,0.00022783037478020401,0.0002986187741526184,0.3172591883439113,-0.008321500566595752,0.010907045650539196,0.31725918834391076,-0.011635868358525,0.003379794308643263,0.026989649207882625,-0.006482725860682881,0.0010311468100531792,0.008328227255980845
c2_k4_v0,in_distribution,c0_v0,3,0.00024914587711869174,0.0004212333550534255,0.41335261771052656,-0.008120141167156017,0.013820674747448828,0.41591903893620663,-0.020093029645759503,0.009125273976265755,0.06238645385137335,-0.010785911433968601,0.005854710986325973,0.08576781780114015
c2_k4_v0,locus_ood,c0_v0,3,0.0002524929510737105,0.0002736747847002363,0.25114383482446634,-0.009219549649054878,0.009992984970505723,0.2511438348244655,-0.012584219965011245,0.004926019097355895,0.04746885141748403,-0.0076810214331501925,0.0030036336814358395,0.0473791191832039
c2_k4_v0,sample_ood,c0_v0,3,0.00011778338465927296,0.00043296105773541274,0.683901916626724,-0.0040927863598175795,0.014591848223074702,0.6751131858993012,-0.019953069836851484,0.008172140573468455,0.05162374075913876,-0.010390467259890864,0.0030526900773999825,0.027587194679887277
c2_k4_v1,double_ood,c0_v0,3,0.00032632645705410815,9.094826577342502e-05,0.024927779835222496,-0.011919068297590743,0.003321883861599277,0.024927779835223565,-0.013052165565318371,0.008141020191540917,0.10890248664345081,-0.007741221924827735,0.0027872695341882785,0.0405998182581391
c2_k4_v1,in_distribution,c0_v0,3,0.00019518496423138096,0.0005181934270026246,0.5811071093032794,-0.006516903335139472,0.01692075011020417,0.5733787867968239,-0.019526984865819236,0.01380040347459266,0.13386076669187064,-0.01092605091144209,0.008790985728689076,0.16421846782713503
c2_k4_v1,locus_ood,c0_v0,3,0.0003047411670662412,9.908999664847276e-05,0.033483222881003645,-0.011127345567195412,0.0036181807846136244,0.03348322288100435,-0.012211272923536187,0.007664082087999615,0.11004957672003933,-0.007655001452329706,0.004878562228494668,0.1129126615139184
c2_k4_v1,sample_ood,c0_v0,3,0.00017433131908835392,0.0007349822612895065,0.721033831340527,-0.006135401329669128,0.024307122920823817,0.7046510142388207,-0.020821354914559758,0.01245618186955711,0.10146415856821533,-0.010572968002716935,0.005377937035512712,0.07647911723632451
c2_k4_v2,double_ood,c0_v0,3,0.00022735798061362714,0.0003092928386140556,0.3309131887673066,-0.00830424637769045,0.011296915673574666,0.3309131887673068,-0.01161063660696741,0.003359770683405321,0.026794919586490402,-0.006528758896723441,0.0010497971744089338,0.008508593018821904
c2_k4_v2,in_distribution,c0_v0,3,0.0002496708968294653,0.0004217871753095857,0.4130482208513153,-0.008137766860451276,0.013838583961389605,0.4155829883379545,-0.020089900366136854,0.009179439012088213,0.06307830092907345,-0.010810415961412042,0.005898309312048329,0.08654379789909139
c2_k4_v2,locus_ood,c0_v0,3,0.0002522367123460242,0.000284889785414819,0.2648736583026782,-0.009210193325791685,0.010402490485264029,0.26487365830267906,-0.01258063144596063,0.004926035128074222,0.04749432394789948,-0.007731206441415932,0.0030608245959479604,0.04847909940752297
c2_k4_v2,sample_ood,c0_v0,3,0.00012089465481196493,0.00043246222730096326,0.6760822027706568,-0.004199122464742818,0.014571169950615763,0.6671748274054934,-0.01995082756076157,0.008177141906863453,0.05169286419468808,-0.010388755510247353,0.0030722650007951463,0.02793621753592042
c2_k4_v3,double_ood,c0_v0,3,0.0003259502730451243,9.117976501571251e-05,0.025105803001651866,-0.011905328183056304,0.003330339367489168,0.0251058030016522,-0.013034547345063966,0.008132848487619035,0.10896608508038573,-0.007727101989088436,0.002788475682823881,0.04077251832327467
c2_k4_v3,in_distribution,c0_v0,3,0.0001937959413923438,0.0005186506366953742,0.5838731631251877,-0.006471580620399246,0.01693512107668813,0.5761056403839331,-0.019499493461417217,0.013798130140370209,0.13413015812683818,-0.010910700260727343,0.008792160945036747,0.16460672185604322
c2_k4_v3,locus_ood,c0_v0,3,0.0003044399054231405,9.938954076332349e-05,0.03373918321276634,-0.011116345273269915,0.0036291183645626853,0.033739183212766775,-0.012198254470486317,0.0076570472118713834,0.11007703832776414,-0.007642768932985359,0.0048825221534400465,0.1133690585821671
c2_k4_v3,sample_ood,c0_v0,3,0.00017306919143615188,0.0007353512314706967,0.7230262638318392,-0.006093648042546344,0.024318254935607398,0.7066100487295548,-0.020790776518108418,0.01245442620249896,0.10169436301365459,-0.01055632102510858,0.0053795052048899675,0.07673317181366246
c2_k8,double_ood,c0_v0,3,0.0002924612562448664,0.00022784638676504043,0.15623932763127757,-0.010682142413612983,0.008322085404069802,0.15623932763127904,-0.02774159887885778,0.006792673960027798,0.019404884049190087,-0.014441207123733202,0.004334369431760723,0.028739615466896073
c2_k8,in_distribution,c0_v0,3,0.0009233023767314351,0.0004723641180814599,0.07726916363486964,-0.030337048641205122,0.01574658011750372,0.07927387189267027,-0.04067119028614219,0.011297239010362904,0.024767255403619817,-0.023711935005274392,0.009648897176023762,0.05100874475391991
c2_k8,locus_ood,c0_v0,3,0.00032872688921316284,0.0002371920752860449,0.13840704141918936,-0.012003162318758568,0.00866085213532813,0.13840704141918905,-0.0301979751701823,0.0073699539318643195,0.01928183638674728,-0.018695718455851534,0.005882805473363841,0.03145485972984181
c2_k8,sample_ood,c0_v0,3,0.0007189801274275556,0.0005195815276166217,0.13875080399469156,-0.024103118741822065,0.017539757414028242,0.14030070159428198,-0.0395121705201625,0.01434501721596091,0.04123723987758971,-0.020881708631599882,0.008002123867504927,0.04562642553704339
c3_between_within,double_ood,c0_v0,3,0.003160082211732256,0.0015853572135561067,0.07462532096538055,-0.1154219490741234,0.05790514528008459,0.07462532096538074,-0.17570885228401056,0.08047518525236927,0.06335030993925661,-0.0756288476340828,0.03721869764985695,0.07210574701607333
c3_between_within,in_distribution,c0_v0,3,0.005680342969419507,0.002284771714296985,0.04992411011780755,-0.18620129386745768,0.07656604923705432,0.0520044453610357,-0.23664975205051816,0.10449466955116081,0.059271849878108164,-0.10196866497802382,0.04377179271782128,0.056287425072301306
c3_between_within,locus_ood,c0_v0,3,0.0033148348047786686,0.0016096337833363512,0.07039874942963094,-0.12103816732749229,0.05877430842785498,0.07039874942963105,-0.1820991896111941,0.08110956786380757,0.06021950179831723,-0.08599649587235007,0.03551520618001843,0.05242171074735829
c3_between_within,sample_ood,c0_v0,3,0.005644788143083834,0.002347927097882301,0.053117215429020044,-0.186928272159836,0.07715301247489952,0.05236478195999062,-0.23383757071000844,0.09978534738641869,0.05567824778399422,-0.09158029262115579,0.041172343187306226,0.06124844089092622
